INSERT INTO estudiantes (nombre, apellido, email, fecha_nacimiento, direccion, fecha_registro, estado_activo) VALUES ('Nombre1', 'Apellido1', 'user1@example.com', '1994-03-26', 'Calle Falsa 1, Ciudad Ejemplo', NOW(), TRUE);
INSERT INTO estudiantes (nombre, apellido, email, fecha_nacimiento, direccion, fecha_registro, estado_activo) VALUES ('Nombre2', 'Apellido2', 'user2@example.com', '1994-10-22', 'Calle Falsa 2, Ciudad Ejemplo', NOW(), TRUE);
INSERT INTO estudiantes (nombre, apellido, email, fecha_nacimiento, direccion, fecha_registro, estado_activo) VALUES ('Nombre3', 'Apellido3', 'user3@example.com', '1988-01-06', 'Calle Falsa 3, Ciudad Ejemplo', NOW(), TRUE);
INSERT INTO estudiantes (nombre, apellido, email, fecha_nacimiento, direccion, fecha_registro, estado_activo) VALUES ('Nombre4', 'Apellido4', 'user4@example.com', '1982-06-29', 'Calle Falsa 4, Ciudad Ejemplo', NOW(), TRUE);
INSERT INTO estudiantes (nombre, apellido, email, fecha_nacimiento, direccion, fecha_registro, estado_activo) VALUES ('Nombre5', 'Apellido5', 'user5@example.com', '1992-07-24', 'Calle Falsa 5, Ciudad Ejemplo', NOW(), TRUE);
INSERT INTO estudiantes (nombre, apellido, email, fecha_nacimiento, direccion, fecha_registro, estado_activo) VALUES ('Nombre6', 'Apellido6', 'user6@example.com', '1987-12-15', 'Calle Falsa 6, Ciudad Ejemplo', NOW(), TRUE);
INSERT INTO estudiantes (nombre, apellido, email, fecha_nacimiento, direccion, fecha_registro, estado_activo) VALUES ('Nombre7', 'Apellido7', 'user7@example.com', '1991-09-20', 'Calle Falsa 7, Ciudad Ejemplo', NOW(), TRUE);
INSERT INTO estudiantes (nombre, apellido, email, fecha_nacimiento, direccion, fecha_registro, estado_activo) VALUES ('Nombre8', 'Apellido8', 'user8@example.com', '1993-06-22', 'Calle Falsa 8, Ciudad Ejemplo', NOW(), TRUE);
INSERT INTO estudiantes (nombre, apellido, email, fecha_nacimiento, direccion, fecha_registro, estado_activo) VALUES ('Nombre9', 'Apellido9', 'user9@example.com', '1993-09-12', 'Calle Falsa 9, Ciudad Ejemplo', NOW(), TRUE);
INSERT INTO estudiantes (nombre, apellido, email, fecha_nacimiento, direccion, fecha_registro, estado_activo) VALUES ('Nombre10', 'Apellido10', 'user10@example.com', '1981-02-09', 'Calle Falsa 10, Ciudad Ejemplo', NOW(), TRUE);
INSERT INTO estudiantes (nombre, apellido, email, fecha_nacimiento, direccion, fecha_registro, estado_activo) VALUES ('Nombre11', 'Apellido11', 'user11@example.com', '1989-07-03', 'Calle Falsa 11, Ciudad Ejemplo', NOW(), TRUE);
INSERT INTO estudiantes (nombre, apellido, email, fecha_nacimiento, direccion, fecha_registro, estado_activo) VALUES ('Nombre12', 'Apellido12', 'user12@example.com', '1999-01-03', 'Calle Falsa 12, Ciudad Ejemplo', NOW(), TRUE);
INSERT INTO estudiantes (nombre, apellido, email, fecha_nacimiento, direccion, fecha_registro, estado_activo) VALUES ('Nombre13', 'Apellido13', 'user13@example.com', '1990-03-04', 'Calle Falsa 13, Ciudad Ejemplo', NOW(), TRUE);
INSERT INTO estudiantes (nombre, apellido, email, fecha_nacimiento, direccion, fecha_registro, estado_activo) VALUES ('Nombre14', 'Apellido14', 'user14@example.com', '1995-11-13', 'Calle Falsa 14, Ciudad Ejemplo', NOW(), TRUE);
INSERT INTO estudiantes (nombre, apellido, email, fecha_nacimiento, direccion, fecha_registro, estado_activo) VALUES ('Nombre15', 'Apellido15', 'user15@example.com', '1991-06-22', 'Calle Falsa 15, Ciudad Ejemplo', NOW(), TRUE);
INSERT INTO estudiantes (nombre, apellido, email, fecha_nacimiento, direccion, fecha_registro, estado_activo) VALUES ('Nombre16', 'Apellido16', 'user16@example.com', '2000-02-26', 'Calle Falsa 16, Ciudad Ejemplo', NOW(), TRUE);
INSERT INTO estudiantes (nombre, apellido, email, fecha_nacimiento, direccion, fecha_registro, estado_activo) VALUES ('Nombre17', 'Apellido17', 'user17@example.com', '1993-10-26', 'Calle Falsa 17, Ciudad Ejemplo', NOW(), TRUE);
INSERT INTO estudiantes (nombre, apellido, email, fecha_nacimiento, direccion, fecha_registro, estado_activo) VALUES ('Nombre18', 'Apellido18', 'user18@example.com', '1980-12-26', 'Calle Falsa 18, Ciudad Ejemplo', NOW(), TRUE);
INSERT INTO estudiantes (nombre, apellido, email, fecha_nacimiento, direccion, fecha_registro, estado_activo) VALUES ('Nombre19', 'Apellido19', 'user19@example.com', '1997-10-31', 'Calle Falsa 19, Ciudad Ejemplo', NOW(), TRUE);
INSERT INTO estudiantes (nombre, apellido, email, fecha_nacimiento, direccion, fecha_registro, estado_activo) VALUES ('Nombre20', 'Apellido20', 'user20@example.com', '1980-10-16', 'Calle Falsa 20, Ciudad Ejemplo', NOW(), TRUE);
INSERT INTO estudiantes (nombre, apellido, email, fecha_nacimiento, direccion, fecha_registro, estado_activo) VALUES ('Nombre21', 'Apellido21', 'user21@example.com', '1987-04-08', 'Calle Falsa 21, Ciudad Ejemplo', NOW(), TRUE);
INSERT INTO estudiantes (nombre, apellido, email, fecha_nacimiento, direccion, fecha_registro, estado_activo) VALUES ('Nombre22', 'Apellido22', 'user22@example.com', '1991-07-11', 'Calle Falsa 22, Ciudad Ejemplo', NOW(), TRUE);
INSERT INTO estudiantes (nombre, apellido, email, fecha_nacimiento, direccion, fecha_registro, estado_activo) VALUES ('Nombre23', 'Apellido23', 'user23@example.com', '1996-09-22', 'Calle Falsa 23, Ciudad Ejemplo', NOW(), TRUE);
INSERT INTO estudiantes (nombre, apellido, email, fecha_nacimiento, direccion, fecha_registro, estado_activo) VALUES ('Nombre24', 'Apellido24', 'user24@example.com', '1998-11-01', 'Calle Falsa 24, Ciudad Ejemplo', NOW(), TRUE);
INSERT INTO estudiantes (nombre, apellido, email, fecha_nacimiento, direccion, fecha_registro, estado_activo) VALUES ('Nombre25', 'Apellido25', 'user25@example.com', '1991-01-16', 'Calle Falsa 25, Ciudad Ejemplo', NOW(), TRUE);
INSERT INTO estudiantes (nombre, apellido, email, fecha_nacimiento, direccion, fecha_registro, estado_activo) VALUES ('Nombre26', 'Apellido26', 'user26@example.com', '1991-05-13', 'Calle Falsa 26, Ciudad Ejemplo', NOW(), TRUE);
INSERT INTO estudiantes (nombre, apellido, email, fecha_nacimiento, direccion, fecha_registro, estado_activo) VALUES ('Nombre27', 'Apellido27', 'user27@example.com', '1995-02-09', 'Calle Falsa 27, Ciudad Ejemplo', NOW(), TRUE);
INSERT INTO estudiantes (nombre, apellido, email, fecha_nacimiento, direccion, fecha_registro, estado_activo) VALUES ('Nombre28', 'Apellido28', 'user28@example.com', '1984-04-26', 'Calle Falsa 28, Ciudad Ejemplo', NOW(), TRUE);
INSERT INTO estudiantes (nombre, apellido, email, fecha_nacimiento, direccion, fecha_registro, estado_activo) VALUES ('Nombre29', 'Apellido29', 'user29@example.com', '1989-03-21', 'Calle Falsa 29, Ciudad Ejemplo', NOW(), TRUE);
INSERT INTO estudiantes (nombre, apellido, email, fecha_nacimiento, direccion, fecha_registro, estado_activo) VALUES ('Nombre30', 'Apellido30', 'user30@example.com', '1992-09-18', 'Calle Falsa 30, Ciudad Ejemplo', NOW(), TRUE);
INSERT INTO estudiantes (nombre, apellido, email, fecha_nacimiento, direccion, fecha_registro, estado_activo) VALUES ('Nombre31', 'Apellido31', 'user31@example.com', '1993-01-22', 'Calle Falsa 31, Ciudad Ejemplo', NOW(), TRUE);
INSERT INTO estudiantes (nombre, apellido, email, fecha_nacimiento, direccion, fecha_registro, estado_activo) VALUES ('Nombre32', 'Apellido32', 'user32@example.com', '1985-01-07', 'Calle Falsa 32, Ciudad Ejemplo', NOW(), TRUE);
INSERT INTO estudiantes (nombre, apellido, email, fecha_nacimiento, direccion, fecha_registro, estado_activo) VALUES ('Nombre33', 'Apellido33', 'user33@example.com', '1987-09-23', 'Calle Falsa 33, Ciudad Ejemplo', NOW(), TRUE);
INSERT INTO estudiantes (nombre, apellido, email, fecha_nacimiento, direccion, fecha_registro, estado_activo) VALUES ('Nombre34', 'Apellido34', 'user34@example.com', '1990-08-29', 'Calle Falsa 34, Ciudad Ejemplo', NOW(), TRUE);
INSERT INTO estudiantes (nombre, apellido, email, fecha_nacimiento, direccion, fecha_registro, estado_activo) VALUES ('Nombre35', 'Apellido35', 'user35@example.com', '1983-04-12', 'Calle Falsa 35, Ciudad Ejemplo', NOW(), TRUE);
INSERT INTO estudiantes (nombre, apellido, email, fecha_nacimiento, direccion, fecha_registro, estado_activo) VALUES ('Nombre36', 'Apellido36', 'user36@example.com', '1997-12-11', 'Calle Falsa 36, Ciudad Ejemplo', NOW(), TRUE);
INSERT INTO estudiantes (nombre, apellido, email, fecha_nacimiento, direccion, fecha_registro, estado_activo) VALUES ('Nombre37', 'Apellido37', 'user37@example.com', '1985-08-13', 'Calle Falsa 37, Ciudad Ejemplo', NOW(), TRUE);
INSERT INTO estudiantes (nombre, apellido, email, fecha_nacimiento, direccion, fecha_registro, estado_activo) VALUES ('Nombre38', 'Apellido38', 'user38@example.com', '1996-03-27', 'Calle Falsa 38, Ciudad Ejemplo', NOW(), TRUE);
INSERT INTO estudiantes (nombre, apellido, email, fecha_nacimiento, direccion, fecha_registro, estado_activo) VALUES ('Nombre39', 'Apellido39', 'user39@example.com', '1998-01-27', 'Calle Falsa 39, Ciudad Ejemplo', NOW(), TRUE);
INSERT INTO estudiantes (nombre, apellido, email, fecha_nacimiento, direccion, fecha_registro, estado_activo) VALUES ('Nombre40', 'Apellido40', 'user40@example.com', '1998-11-07', 'Calle Falsa 40, Ciudad Ejemplo', NOW(), TRUE);
INSERT INTO estudiantes (nombre, apellido, email, fecha_nacimiento, direccion, fecha_registro, estado_activo) VALUES ('Nombre41', 'Apellido41', 'user41@example.com', '1989-06-29', 'Calle Falsa 41, Ciudad Ejemplo', NOW(), TRUE);
INSERT INTO estudiantes (nombre, apellido, email, fecha_nacimiento, direccion, fecha_registro, estado_activo) VALUES ('Nombre42', 'Apellido42', 'user42@example.com', '1995-11-20', 'Calle Falsa 42, Ciudad Ejemplo', NOW(), TRUE);
INSERT INTO estudiantes (nombre, apellido, email, fecha_nacimiento, direccion, fecha_registro, estado_activo) VALUES ('Nombre43', 'Apellido43', 'user43@example.com', '1996-03-16', 'Calle Falsa 43, Ciudad Ejemplo', NOW(), TRUE);
INSERT INTO estudiantes (nombre, apellido, email, fecha_nacimiento, direccion, fecha_registro, estado_activo) VALUES ('Nombre44', 'Apellido44', 'user44@example.com', '1990-11-01', 'Calle Falsa 44, Ciudad Ejemplo', NOW(), TRUE);
INSERT INTO estudiantes (nombre, apellido, email, fecha_nacimiento, direccion, fecha_registro, estado_activo) VALUES ('Nombre45', 'Apellido45', 'user45@example.com', '1998-07-19', 'Calle Falsa 45, Ciudad Ejemplo', NOW(), TRUE);
INSERT INTO estudiantes (nombre, apellido, email, fecha_nacimiento, direccion, fecha_registro, estado_activo) VALUES ('Nombre46', 'Apellido46', 'user46@example.com', '1991-03-01', 'Calle Falsa 46, Ciudad Ejemplo', NOW(), TRUE);
INSERT INTO estudiantes (nombre, apellido, email, fecha_nacimiento, direccion, fecha_registro, estado_activo) VALUES ('Nombre47', 'Apellido47', 'user47@example.com', '1983-06-13', 'Calle Falsa 47, Ciudad Ejemplo', NOW(), TRUE);
INSERT INTO estudiantes (nombre, apellido, email, fecha_nacimiento, direccion, fecha_registro, estado_activo) VALUES ('Nombre48', 'Apellido48', 'user48@example.com', '1983-06-25', 'Calle Falsa 48, Ciudad Ejemplo', NOW(), TRUE);
INSERT INTO estudiantes (nombre, apellido, email, fecha_nacimiento, direccion, fecha_registro, estado_activo) VALUES ('Nombre49', 'Apellido49', 'user49@example.com', '1995-09-28', 'Calle Falsa 49, Ciudad Ejemplo', NOW(), TRUE);
INSERT INTO estudiantes (nombre, apellido, email, fecha_nacimiento, direccion, fecha_registro, estado_activo) VALUES ('Nombre50', 'Apellido50', 'user50@example.com', '1998-02-13', 'Calle Falsa 50, Ciudad Ejemplo', NOW(), TRUE);
INSERT INTO estudiantes (nombre, apellido, email, fecha_nacimiento, direccion, fecha_registro, estado_activo) VALUES ('Nombre51', 'Apellido51', 'user51@example.com', '1996-02-29', 'Calle Falsa 51, Ciudad Ejemplo', NOW(), TRUE);
INSERT INTO estudiantes (nombre, apellido, email, fecha_nacimiento, direccion, fecha_registro, estado_activo) VALUES ('Nombre52', 'Apellido52', 'user52@example.com', '1986-08-15', 'Calle Falsa 52, Ciudad Ejemplo', NOW(), TRUE);
INSERT INTO estudiantes (nombre, apellido, email, fecha_nacimiento, direccion, fecha_registro, estado_activo) VALUES ('Nombre53', 'Apellido53', 'user53@example.com', '1991-02-08', 'Calle Falsa 53, Ciudad Ejemplo', NOW(), TRUE);
INSERT INTO estudiantes (nombre, apellido, email, fecha_nacimiento, direccion, fecha_registro, estado_activo) VALUES ('Nombre54', 'Apellido54', 'user54@example.com', '1981-01-30', 'Calle Falsa 54, Ciudad Ejemplo', NOW(), TRUE);
INSERT INTO estudiantes (nombre, apellido, email, fecha_nacimiento, direccion, fecha_registro, estado_activo) VALUES ('Nombre55', 'Apellido55', 'user55@example.com', '1993-11-28', 'Calle Falsa 55, Ciudad Ejemplo', NOW(), TRUE);
INSERT INTO estudiantes (nombre, apellido, email, fecha_nacimiento, direccion, fecha_registro, estado_activo) VALUES ('Nombre56', 'Apellido56', 'user56@example.com', '1983-01-07', 'Calle Falsa 56, Ciudad Ejemplo', NOW(), TRUE);
INSERT INTO estudiantes (nombre, apellido, email, fecha_nacimiento, direccion, fecha_registro, estado_activo) VALUES ('Nombre57', 'Apellido57', 'user57@example.com', '1990-06-12', 'Calle Falsa 57, Ciudad Ejemplo', NOW(), TRUE);
INSERT INTO estudiantes (nombre, apellido, email, fecha_nacimiento, direccion, fecha_registro, estado_activo) VALUES ('Nombre58', 'Apellido58', 'user58@example.com', '2000-12-07', 'Calle Falsa 58, Ciudad Ejemplo', NOW(), TRUE);
INSERT INTO estudiantes (nombre, apellido, email, fecha_nacimiento, direccion, fecha_registro, estado_activo) VALUES ('Nombre59', 'Apellido59', 'user59@example.com', '1991-01-02', 'Calle Falsa 59, Ciudad Ejemplo', NOW(), TRUE);
INSERT INTO estudiantes (nombre, apellido, email, fecha_nacimiento, direccion, fecha_registro, estado_activo) VALUES ('Nombre60', 'Apellido60', 'user60@example.com', '1989-01-04', 'Calle Falsa 60, Ciudad Ejemplo', NOW(), TRUE);
INSERT INTO estudiantes (nombre, apellido, email, fecha_nacimiento, direccion, fecha_registro, estado_activo) VALUES ('Nombre61', 'Apellido61', 'user61@example.com', '1993-05-21', 'Calle Falsa 61, Ciudad Ejemplo', NOW(), TRUE);
INSERT INTO estudiantes (nombre, apellido, email, fecha_nacimiento, direccion, fecha_registro, estado_activo) VALUES ('Nombre62', 'Apellido62', 'user62@example.com', '1982-02-12', 'Calle Falsa 62, Ciudad Ejemplo', NOW(), TRUE);
INSERT INTO estudiantes (nombre, apellido, email, fecha_nacimiento, direccion, fecha_registro, estado_activo) VALUES ('Nombre63', 'Apellido63', 'user63@example.com', '1988-06-22', 'Calle Falsa 63, Ciudad Ejemplo', NOW(), TRUE);
INSERT INTO estudiantes (nombre, apellido, email, fecha_nacimiento, direccion, fecha_registro, estado_activo) VALUES ('Nombre64', 'Apellido64', 'user64@example.com', '1995-08-04', 'Calle Falsa 64, Ciudad Ejemplo', NOW(), TRUE);
INSERT INTO estudiantes (nombre, apellido, email, fecha_nacimiento, direccion, fecha_registro, estado_activo) VALUES ('Nombre65', 'Apellido65', 'user65@example.com', '1995-03-26', 'Calle Falsa 65, Ciudad Ejemplo', NOW(), TRUE);
INSERT INTO estudiantes (nombre, apellido, email, fecha_nacimiento, direccion, fecha_registro, estado_activo) VALUES ('Nombre66', 'Apellido66', 'user66@example.com', '1985-04-27', 'Calle Falsa 66, Ciudad Ejemplo', NOW(), TRUE);
INSERT INTO estudiantes (nombre, apellido, email, fecha_nacimiento, direccion, fecha_registro, estado_activo) VALUES ('Nombre67', 'Apellido67', 'user67@example.com', '1981-06-27', 'Calle Falsa 67, Ciudad Ejemplo', NOW(), TRUE);
INSERT INTO estudiantes (nombre, apellido, email, fecha_nacimiento, direccion, fecha_registro, estado_activo) VALUES ('Nombre68', 'Apellido68', 'user68@example.com', '1996-05-19', 'Calle Falsa 68, Ciudad Ejemplo', NOW(), TRUE);
INSERT INTO estudiantes (nombre, apellido, email, fecha_nacimiento, direccion, fecha_registro, estado_activo) VALUES ('Nombre69', 'Apellido69', 'user69@example.com', '1998-01-14', 'Calle Falsa 69, Ciudad Ejemplo', NOW(), TRUE);
INSERT INTO estudiantes (nombre, apellido, email, fecha_nacimiento, direccion, fecha_registro, estado_activo) VALUES ('Nombre70', 'Apellido70', 'user70@example.com', '1989-04-20', 'Calle Falsa 70, Ciudad Ejemplo', NOW(), TRUE);
INSERT INTO estudiantes (nombre, apellido, email, fecha_nacimiento, direccion, fecha_registro, estado_activo) VALUES ('Nombre71', 'Apellido71', 'user71@example.com', '1982-02-26', 'Calle Falsa 71, Ciudad Ejemplo', NOW(), TRUE);
INSERT INTO estudiantes (nombre, apellido, email, fecha_nacimiento, direccion, fecha_registro, estado_activo) VALUES ('Nombre72', 'Apellido72', 'user72@example.com', '1998-09-03', 'Calle Falsa 72, Ciudad Ejemplo', NOW(), TRUE);
INSERT INTO estudiantes (nombre, apellido, email, fecha_nacimiento, direccion, fecha_registro, estado_activo) VALUES ('Nombre73', 'Apellido73', 'user73@example.com', '1999-12-19', 'Calle Falsa 73, Ciudad Ejemplo', NOW(), TRUE);
INSERT INTO estudiantes (nombre, apellido, email, fecha_nacimiento, direccion, fecha_registro, estado_activo) VALUES ('Nombre74', 'Apellido74', 'user74@example.com', '1988-10-25', 'Calle Falsa 74, Ciudad Ejemplo', NOW(), TRUE);
INSERT INTO estudiantes (nombre, apellido, email, fecha_nacimiento, direccion, fecha_registro, estado_activo) VALUES ('Nombre75', 'Apellido75', 'user75@example.com', '1980-02-23', 'Calle Falsa 75, Ciudad Ejemplo', NOW(), TRUE);
INSERT INTO estudiantes (nombre, apellido, email, fecha_nacimiento, direccion, fecha_registro, estado_activo) VALUES ('Nombre76', 'Apellido76', 'user76@example.com', '1980-03-28', 'Calle Falsa 76, Ciudad Ejemplo', NOW(), TRUE);
INSERT INTO estudiantes (nombre, apellido, email, fecha_nacimiento, direccion, fecha_registro, estado_activo) VALUES ('Nombre77', 'Apellido77', 'user77@example.com', '1989-12-01', 'Calle Falsa 77, Ciudad Ejemplo', NOW(), TRUE);
INSERT INTO estudiantes (nombre, apellido, email, fecha_nacimiento, direccion, fecha_registro, estado_activo) VALUES ('Nombre78', 'Apellido78', 'user78@example.com', '1987-01-11', 'Calle Falsa 78, Ciudad Ejemplo', NOW(), TRUE);
INSERT INTO estudiantes (nombre, apellido, email, fecha_nacimiento, direccion, fecha_registro, estado_activo) VALUES ('Nombre79', 'Apellido79', 'user79@example.com', '1987-05-25', 'Calle Falsa 79, Ciudad Ejemplo', NOW(), TRUE);
INSERT INTO estudiantes (nombre, apellido, email, fecha_nacimiento, direccion, fecha_registro, estado_activo) VALUES ('Nombre80', 'Apellido80', 'user80@example.com', '1989-12-30', 'Calle Falsa 80, Ciudad Ejemplo', NOW(), TRUE);
INSERT INTO estudiantes (nombre, apellido, email, fecha_nacimiento, direccion, fecha_registro, estado_activo) VALUES ('Nombre81', 'Apellido81', 'user81@example.com', '1999-08-03', 'Calle Falsa 81, Ciudad Ejemplo', NOW(), TRUE);
INSERT INTO estudiantes (nombre, apellido, email, fecha_nacimiento, direccion, fecha_registro, estado_activo) VALUES ('Nombre82', 'Apellido82', 'user82@example.com', '1993-01-19', 'Calle Falsa 82, Ciudad Ejemplo', NOW(), TRUE);
INSERT INTO estudiantes (nombre, apellido, email, fecha_nacimiento, direccion, fecha_registro, estado_activo) VALUES ('Nombre83', 'Apellido83', 'user83@example.com', '1985-05-21', 'Calle Falsa 83, Ciudad Ejemplo', NOW(), TRUE);
INSERT INTO estudiantes (nombre, apellido, email, fecha_nacimiento, direccion, fecha_registro, estado_activo) VALUES ('Nombre84', 'Apellido84', 'user84@example.com', '1981-09-13', 'Calle Falsa 84, Ciudad Ejemplo', NOW(), TRUE);
INSERT INTO estudiantes (nombre, apellido, email, fecha_nacimiento, direccion, fecha_registro, estado_activo) VALUES ('Nombre85', 'Apellido85', 'user85@example.com', '1981-11-16', 'Calle Falsa 85, Ciudad Ejemplo', NOW(), TRUE);
INSERT INTO estudiantes (nombre, apellido, email, fecha_nacimiento, direccion, fecha_registro, estado_activo) VALUES ('Nombre86', 'Apellido86', 'user86@example.com', '1985-08-03', 'Calle Falsa 86, Ciudad Ejemplo', NOW(), TRUE);
INSERT INTO estudiantes (nombre, apellido, email, fecha_nacimiento, direccion, fecha_registro, estado_activo) VALUES ('Nombre87', 'Apellido87', 'user87@example.com', '1981-09-13', 'Calle Falsa 87, Ciudad Ejemplo', NOW(), TRUE);
INSERT INTO estudiantes (nombre, apellido, email, fecha_nacimiento, direccion, fecha_registro, estado_activo) VALUES ('Nombre88', 'Apellido88', 'user88@example.com', '1991-06-09', 'Calle Falsa 88, Ciudad Ejemplo', NOW(), TRUE);
INSERT INTO estudiantes (nombre, apellido, email, fecha_nacimiento, direccion, fecha_registro, estado_activo) VALUES ('Nombre89', 'Apellido89', 'user89@example.com', '1980-12-07', 'Calle Falsa 89, Ciudad Ejemplo', NOW(), TRUE);
INSERT INTO estudiantes (nombre, apellido, email, fecha_nacimiento, direccion, fecha_registro, estado_activo) VALUES ('Nombre90', 'Apellido90', 'user90@example.com', '2000-11-02', 'Calle Falsa 90, Ciudad Ejemplo', NOW(), TRUE);
INSERT INTO estudiantes (nombre, apellido, email, fecha_nacimiento, direccion, fecha_registro, estado_activo) VALUES ('Nombre91', 'Apellido91', 'user91@example.com', '1994-03-04', 'Calle Falsa 91, Ciudad Ejemplo', NOW(), TRUE);
INSERT INTO estudiantes (nombre, apellido, email, fecha_nacimiento, direccion, fecha_registro, estado_activo) VALUES ('Nombre92', 'Apellido92', 'user92@example.com', '1984-07-03', 'Calle Falsa 92, Ciudad Ejemplo', NOW(), TRUE);
INSERT INTO estudiantes (nombre, apellido, email, fecha_nacimiento, direccion, fecha_registro, estado_activo) VALUES ('Nombre93', 'Apellido93', 'user93@example.com', '1980-12-12', 'Calle Falsa 93, Ciudad Ejemplo', NOW(), TRUE);
INSERT INTO estudiantes (nombre, apellido, email, fecha_nacimiento, direccion, fecha_registro, estado_activo) VALUES ('Nombre94', 'Apellido94', 'user94@example.com', '1992-04-23', 'Calle Falsa 94, Ciudad Ejemplo', NOW(), TRUE);
INSERT INTO estudiantes (nombre, apellido, email, fecha_nacimiento, direccion, fecha_registro, estado_activo) VALUES ('Nombre95', 'Apellido95', 'user95@example.com', '1995-11-05', 'Calle Falsa 95, Ciudad Ejemplo', NOW(), TRUE);
INSERT INTO estudiantes (nombre, apellido, email, fecha_nacimiento, direccion, fecha_registro, estado_activo) VALUES ('Nombre96', 'Apellido96', 'user96@example.com', '1995-08-31', 'Calle Falsa 96, Ciudad Ejemplo', NOW(), TRUE);
INSERT INTO estudiantes (nombre, apellido, email, fecha_nacimiento, direccion, fecha_registro, estado_activo) VALUES ('Nombre97', 'Apellido97', 'user97@example.com', '1993-11-28', 'Calle Falsa 97, Ciudad Ejemplo', NOW(), TRUE);
INSERT INTO estudiantes (nombre, apellido, email, fecha_nacimiento, direccion, fecha_registro, estado_activo) VALUES ('Nombre98', 'Apellido98', 'user98@example.com', '1992-12-04', 'Calle Falsa 98, Ciudad Ejemplo', NOW(), TRUE);
INSERT INTO estudiantes (nombre, apellido, email, fecha_nacimiento, direccion, fecha_registro, estado_activo) VALUES ('Nombre99', 'Apellido99', 'user99@example.com', '1986-12-05', 'Calle Falsa 99, Ciudad Ejemplo', NOW(), TRUE);
INSERT INTO estudiantes (nombre, apellido, email, fecha_nacimiento, direccion, fecha_registro, estado_activo) VALUES ('Nombre100', 'Apellido100', 'user100@example.com', '1988-10-31', 'Calle Falsa 100, Ciudad Ejemplo', NOW(), TRUE);

INSERT INTO instructores (nombre, apellido, email, especialidad, biografia, fecha_contratacion, estado_activo) VALUES ('Instructor1', 'Gen1', 'instr1@example.com', 'Especialidad3', 'Biografía del instructor 1.', '2021-07-02', TRUE);
INSERT INTO instructores (nombre, apellido, email, especialidad, biografia, fecha_contratacion, estado_activo) VALUES ('Instructor2', 'Gen2', 'instr2@example.com', 'Especialidad3', 'Biografía del instructor 2.', '2013-03-19', TRUE);
INSERT INTO instructores (nombre, apellido, email, especialidad, biografia, fecha_contratacion, estado_activo) VALUES ('Instructor3', 'Gen3', 'instr3@example.com', 'Especialidad2', 'Biografía del instructor 3.', '2019-01-23', TRUE);
INSERT INTO instructores (nombre, apellido, email, especialidad, biografia, fecha_contratacion, estado_activo) VALUES ('Instructor4', 'Gen4', 'instr4@example.com', 'Especialidad1', 'Biografía del instructor 4.', '2021-07-25', TRUE);
INSERT INTO instructores (nombre, apellido, email, especialidad, biografia, fecha_contratacion, estado_activo) VALUES ('Instructor5', 'Gen5', 'instr5@example.com', 'Especialidad5', 'Biografía del instructor 5.', '2022-04-08', TRUE);
INSERT INTO instructores (nombre, apellido, email, especialidad, biografia, fecha_contratacion, estado_activo) VALUES ('Instructor6', 'Gen6', 'instr6@example.com', 'Especialidad2', 'Biografía del instructor 6.', '2016-11-04', TRUE);
INSERT INTO instructores (nombre, apellido, email, especialidad, biografia, fecha_contratacion, estado_activo) VALUES ('Instructor7', 'Gen7', 'instr7@example.com', 'Especialidad1', 'Biografía del instructor 7.', '2022-04-07', TRUE);
INSERT INTO instructores (nombre, apellido, email, especialidad, biografia, fecha_contratacion, estado_activo) VALUES ('Instructor8', 'Gen8', 'instr8@example.com', 'Especialidad3', 'Biografía del instructor 8.', '2014-06-03', TRUE);
INSERT INTO instructores (nombre, apellido, email, especialidad, biografia, fecha_contratacion, estado_activo) VALUES ('Instructor9', 'Gen9', 'instr9@example.com', 'Especialidad2', 'Biografía del instructor 9.', '2013-08-28', TRUE);
INSERT INTO instructores (nombre, apellido, email, especialidad, biografia, fecha_contratacion, estado_activo) VALUES ('Instructor10', 'Gen10', 'instr10@example.com', 'Especialidad3', 'Biografía del instructor 10.', '2021-07-12', TRUE);
INSERT INTO instructores (nombre, apellido, email, especialidad, biografia, fecha_contratacion, estado_activo) VALUES ('Instructor11', 'Gen11', 'instr11@example.com', 'Especialidad4', 'Biografía del instructor 11.', '2016-06-20', TRUE);
INSERT INTO instructores (nombre, apellido, email, especialidad, biografia, fecha_contratacion, estado_activo) VALUES ('Instructor12', 'Gen12', 'instr12@example.com', 'Especialidad2', 'Biografía del instructor 12.', '2017-04-23', TRUE);
INSERT INTO instructores (nombre, apellido, email, especialidad, biografia, fecha_contratacion, estado_activo) VALUES ('Instructor13', 'Gen13', 'instr13@example.com', 'Especialidad5', 'Biografía del instructor 13.', '2021-09-13', TRUE);
INSERT INTO instructores (nombre, apellido, email, especialidad, biografia, fecha_contratacion, estado_activo) VALUES ('Instructor14', 'Gen14', 'instr14@example.com', 'Especialidad3', 'Biografía del instructor 14.', '2021-12-21', TRUE);
INSERT INTO instructores (nombre, apellido, email, especialidad, biografia, fecha_contratacion, estado_activo) VALUES ('Instructor15', 'Gen15', 'instr15@example.com', 'Especialidad2', 'Biografía del instructor 15.', '2017-09-23', TRUE);
INSERT INTO instructores (nombre, apellido, email, especialidad, biografia, fecha_contratacion, estado_activo) VALUES ('Instructor16', 'Gen16', 'instr16@example.com', 'Especialidad1', 'Biografía del instructor 16.', '2012-12-31', TRUE);
INSERT INTO instructores (nombre, apellido, email, especialidad, biografia, fecha_contratacion, estado_activo) VALUES ('Instructor17', 'Gen17', 'instr17@example.com', 'Especialidad1', 'Biografía del instructor 17.', '2015-03-01', TRUE);
INSERT INTO instructores (nombre, apellido, email, especialidad, biografia, fecha_contratacion, estado_activo) VALUES ('Instructor18', 'Gen18', 'instr18@example.com', 'Especialidad2', 'Biografía del instructor 18.', '2014-03-24', TRUE);
INSERT INTO instructores (nombre, apellido, email, especialidad, biografia, fecha_contratacion, estado_activo) VALUES ('Instructor19', 'Gen19', 'instr19@example.com', 'Especialidad1', 'Biografía del instructor 19.', '2016-08-19', TRUE);
INSERT INTO instructores (nombre, apellido, email, especialidad, biografia, fecha_contratacion, estado_activo) VALUES ('Instructor20', 'Gen20', 'instr20@example.com', 'Especialidad1', 'Biografía del instructor 20.', '2014-11-18', TRUE);
INSERT INTO instructores (nombre, apellido, email, especialidad, biografia, fecha_contratacion, estado_activo) VALUES ('Instructor21', 'Gen21', 'instr21@example.com', 'Especialidad5', 'Biografía del instructor 21.', '2014-12-03', TRUE);
INSERT INTO instructores (nombre, apellido, email, especialidad, biografia, fecha_contratacion, estado_activo) VALUES ('Instructor22', 'Gen22', 'instr22@example.com', 'Especialidad3', 'Biografía del instructor 22.', '2014-11-06', TRUE);
INSERT INTO instructores (nombre, apellido, email, especialidad, biografia, fecha_contratacion, estado_activo) VALUES ('Instructor23', 'Gen23', 'instr23@example.com', 'Especialidad5', 'Biografía del instructor 23.', '2013-12-20', TRUE);
INSERT INTO instructores (nombre, apellido, email, especialidad, biografia, fecha_contratacion, estado_activo) VALUES ('Instructor24', 'Gen24', 'instr24@example.com', 'Especialidad2', 'Biografía del instructor 24.', '2020-07-25', TRUE);
INSERT INTO instructores (nombre, apellido, email, especialidad, biografia, fecha_contratacion, estado_activo) VALUES ('Instructor25', 'Gen25', 'instr25@example.com', 'Especialidad4', 'Biografía del instructor 25.', '2021-07-12', TRUE);
INSERT INTO instructores (nombre, apellido, email, especialidad, biografia, fecha_contratacion, estado_activo) VALUES ('Instructor26', 'Gen26', 'instr26@example.com', 'Especialidad2', 'Biografía del instructor 26.', '2012-06-22', TRUE);
INSERT INTO instructores (nombre, apellido, email, especialidad, biografia, fecha_contratacion, estado_activo) VALUES ('Instructor27', 'Gen27', 'instr27@example.com', 'Especialidad4', 'Biografía del instructor 27.', '2011-09-07', TRUE);
INSERT INTO instructores (nombre, apellido, email, especialidad, biografia, fecha_contratacion, estado_activo) VALUES ('Instructor28', 'Gen28', 'instr28@example.com', 'Especialidad2', 'Biografía del instructor 28.', '2019-08-15', TRUE);
INSERT INTO instructores (nombre, apellido, email, especialidad, biografia, fecha_contratacion, estado_activo) VALUES ('Instructor29', 'Gen29', 'instr29@example.com', 'Especialidad1', 'Biografía del instructor 29.', '2018-09-09', TRUE);
INSERT INTO instructores (nombre, apellido, email, especialidad, biografia, fecha_contratacion, estado_activo) VALUES ('Instructor30', 'Gen30', 'instr30@example.com', 'Especialidad2', 'Biografía del instructor 30.', '2011-03-03', TRUE);
INSERT INTO instructores (nombre, apellido, email, especialidad, biografia, fecha_contratacion, estado_activo) VALUES ('Instructor31', 'Gen31', 'instr31@example.com', 'Especialidad4', 'Biografía del instructor 31.', '2011-05-01', TRUE);
INSERT INTO instructores (nombre, apellido, email, especialidad, biografia, fecha_contratacion, estado_activo) VALUES ('Instructor32', 'Gen32', 'instr32@example.com', 'Especialidad4', 'Biografía del instructor 32.', '2011-11-04', TRUE);
INSERT INTO instructores (nombre, apellido, email, especialidad, biografia, fecha_contratacion, estado_activo) VALUES ('Instructor33', 'Gen33', 'instr33@example.com', 'Especialidad1', 'Biografía del instructor 33.', '2011-09-05', TRUE);
INSERT INTO instructores (nombre, apellido, email, especialidad, biografia, fecha_contratacion, estado_activo) VALUES ('Instructor34', 'Gen34', 'instr34@example.com', 'Especialidad2', 'Biografía del instructor 34.', '2010-12-07', TRUE);
INSERT INTO instructores (nombre, apellido, email, especialidad, biografia, fecha_contratacion, estado_activo) VALUES ('Instructor35', 'Gen35', 'instr35@example.com', 'Especialidad1', 'Biografía del instructor 35.', '2021-09-27', TRUE);
INSERT INTO instructores (nombre, apellido, email, especialidad, biografia, fecha_contratacion, estado_activo) VALUES ('Instructor36', 'Gen36', 'instr36@example.com', 'Especialidad4', 'Biografía del instructor 36.', '2015-11-24', TRUE);
INSERT INTO instructores (nombre, apellido, email, especialidad, biografia, fecha_contratacion, estado_activo) VALUES ('Instructor37', 'Gen37', 'instr37@example.com', 'Especialidad5', 'Biografía del instructor 37.', '2022-07-04', TRUE);
INSERT INTO instructores (nombre, apellido, email, especialidad, biografia, fecha_contratacion, estado_activo) VALUES ('Instructor38', 'Gen38', 'instr38@example.com', 'Especialidad1', 'Biografía del instructor 38.', '2021-09-10', TRUE);
INSERT INTO instructores (nombre, apellido, email, especialidad, biografia, fecha_contratacion, estado_activo) VALUES ('Instructor39', 'Gen39', 'instr39@example.com', 'Especialidad5', 'Biografía del instructor 39.', '2017-10-23', TRUE);
INSERT INTO instructores (nombre, apellido, email, especialidad, biografia, fecha_contratacion, estado_activo) VALUES ('Instructor40', 'Gen40', 'instr40@example.com', 'Especialidad2', 'Biografía del instructor 40.', '2016-02-13', TRUE);
INSERT INTO instructores (nombre, apellido, email, especialidad, biografia, fecha_contratacion, estado_activo) VALUES ('Instructor41', 'Gen41', 'instr41@example.com', 'Especialidad2', 'Biografía del instructor 41.', '2015-11-23', TRUE);
INSERT INTO instructores (nombre, apellido, email, especialidad, biografia, fecha_contratacion, estado_activo) VALUES ('Instructor42', 'Gen42', 'instr42@example.com', 'Especialidad1', 'Biografía del instructor 42.', '2022-02-02', TRUE);
INSERT INTO instructores (nombre, apellido, email, especialidad, biografia, fecha_contratacion, estado_activo) VALUES ('Instructor43', 'Gen43', 'instr43@example.com', 'Especialidad5', 'Biografía del instructor 43.', '2022-11-06', TRUE);
INSERT INTO instructores (nombre, apellido, email, especialidad, biografia, fecha_contratacion, estado_activo) VALUES ('Instructor44', 'Gen44', 'instr44@example.com', 'Especialidad5', 'Biografía del instructor 44.', '2021-12-20', TRUE);
INSERT INTO instructores (nombre, apellido, email, especialidad, biografia, fecha_contratacion, estado_activo) VALUES ('Instructor45', 'Gen45', 'instr45@example.com', 'Especialidad2', 'Biografía del instructor 45.', '2011-07-20', TRUE);
INSERT INTO instructores (nombre, apellido, email, especialidad, biografia, fecha_contratacion, estado_activo) VALUES ('Instructor46', 'Gen46', 'instr46@example.com', 'Especialidad2', 'Biografía del instructor 46.', '2019-06-29', TRUE);
INSERT INTO instructores (nombre, apellido, email, especialidad, biografia, fecha_contratacion, estado_activo) VALUES ('Instructor47', 'Gen47', 'instr47@example.com', 'Especialidad3', 'Biografía del instructor 47.', '2010-03-06', TRUE);
INSERT INTO instructores (nombre, apellido, email, especialidad, biografia, fecha_contratacion, estado_activo) VALUES ('Instructor48', 'Gen48', 'instr48@example.com', 'Especialidad3', 'Biografía del instructor 48.', '2011-01-11', TRUE);
INSERT INTO instructores (nombre, apellido, email, especialidad, biografia, fecha_contratacion, estado_activo) VALUES ('Instructor49', 'Gen49', 'instr49@example.com', 'Especialidad3', 'Biografía del instructor 49.', '2019-03-11', TRUE);
INSERT INTO instructores (nombre, apellido, email, especialidad, biografia, fecha_contratacion, estado_activo) VALUES ('Instructor50', 'Gen50', 'instr50@example.com', 'Especialidad4', 'Biografía del instructor 50.', '2014-03-01', TRUE);
INSERT INTO instructores (nombre, apellido, email, especialidad, biografia, fecha_contratacion, estado_activo) VALUES ('Instructor51', 'Gen51', 'instr51@example.com', 'Especialidad4', 'Biografía del instructor 51.', '2013-08-31', TRUE);
INSERT INTO instructores (nombre, apellido, email, especialidad, biografia, fecha_contratacion, estado_activo) VALUES ('Instructor52', 'Gen52', 'instr52@example.com', 'Especialidad3', 'Biografía del instructor 52.', '2018-12-11', TRUE);
INSERT INTO instructores (nombre, apellido, email, especialidad, biografia, fecha_contratacion, estado_activo) VALUES ('Instructor53', 'Gen53', 'instr53@example.com', 'Especialidad3', 'Biografía del instructor 53.', '2012-12-11', TRUE);
INSERT INTO instructores (nombre, apellido, email, especialidad, biografia, fecha_contratacion, estado_activo) VALUES ('Instructor54', 'Gen54', 'instr54@example.com', 'Especialidad4', 'Biografía del instructor 54.', '2019-06-13', TRUE);
INSERT INTO instructores (nombre, apellido, email, especialidad, biografia, fecha_contratacion, estado_activo) VALUES ('Instructor55', 'Gen55', 'instr55@example.com', 'Especialidad4', 'Biografía del instructor 55.', '2011-02-06', TRUE);
INSERT INTO instructores (nombre, apellido, email, especialidad, biografia, fecha_contratacion, estado_activo) VALUES ('Instructor56', 'Gen56', 'instr56@example.com', 'Especialidad4', 'Biografía del instructor 56.', '2012-07-03', TRUE);
INSERT INTO instructores (nombre, apellido, email, especialidad, biografia, fecha_contratacion, estado_activo) VALUES ('Instructor57', 'Gen57', 'instr57@example.com', 'Especialidad4', 'Biografía del instructor 57.', '2013-05-02', TRUE);
INSERT INTO instructores (nombre, apellido, email, especialidad, biografia, fecha_contratacion, estado_activo) VALUES ('Instructor58', 'Gen58', 'instr58@example.com', 'Especialidad3', 'Biografía del instructor 58.', '2014-08-26', TRUE);
INSERT INTO instructores (nombre, apellido, email, especialidad, biografia, fecha_contratacion, estado_activo) VALUES ('Instructor59', 'Gen59', 'instr59@example.com', 'Especialidad4', 'Biografía del instructor 59.', '2013-03-01', TRUE);
INSERT INTO instructores (nombre, apellido, email, especialidad, biografia, fecha_contratacion, estado_activo) VALUES ('Instructor60', 'Gen60', 'instr60@example.com', 'Especialidad1', 'Biografía del instructor 60.', '2014-11-27', TRUE);
INSERT INTO instructores (nombre, apellido, email, especialidad, biografia, fecha_contratacion, estado_activo) VALUES ('Instructor61', 'Gen61', 'instr61@example.com', 'Especialidad3', 'Biografía del instructor 61.', '2022-01-31', TRUE);
INSERT INTO instructores (nombre, apellido, email, especialidad, biografia, fecha_contratacion, estado_activo) VALUES ('Instructor62', 'Gen62', 'instr62@example.com', 'Especialidad5', 'Biografía del instructor 62.', '2016-11-04', TRUE);
INSERT INTO instructores (nombre, apellido, email, especialidad, biografia, fecha_contratacion, estado_activo) VALUES ('Instructor63', 'Gen63', 'instr63@example.com', 'Especialidad3', 'Biografía del instructor 63.', '2011-02-12', TRUE);
INSERT INTO instructores (nombre, apellido, email, especialidad, biografia, fecha_contratacion, estado_activo) VALUES ('Instructor64', 'Gen64', 'instr64@example.com', 'Especialidad4', 'Biografía del instructor 64.', '2011-12-26', TRUE);
INSERT INTO instructores (nombre, apellido, email, especialidad, biografia, fecha_contratacion, estado_activo) VALUES ('Instructor65', 'Gen65', 'instr65@example.com', 'Especialidad1', 'Biografía del instructor 65.', '2022-01-26', TRUE);
INSERT INTO instructores (nombre, apellido, email, especialidad, biografia, fecha_contratacion, estado_activo) VALUES ('Instructor66', 'Gen66', 'instr66@example.com', 'Especialidad5', 'Biografía del instructor 66.', '2018-01-17', TRUE);
INSERT INTO instructores (nombre, apellido, email, especialidad, biografia, fecha_contratacion, estado_activo) VALUES ('Instructor67', 'Gen67', 'instr67@example.com', 'Especialidad4', 'Biografía del instructor 67.', '2020-03-01', TRUE);
INSERT INTO instructores (nombre, apellido, email, especialidad, biografia, fecha_contratacion, estado_activo) VALUES ('Instructor68', 'Gen68', 'instr68@example.com', 'Especialidad4', 'Biografía del instructor 68.', '2022-07-01', TRUE);
INSERT INTO instructores (nombre, apellido, email, especialidad, biografia, fecha_contratacion, estado_activo) VALUES ('Instructor69', 'Gen69', 'instr69@example.com', 'Especialidad1', 'Biografía del instructor 69.', '2019-03-23', TRUE);
INSERT INTO instructores (nombre, apellido, email, especialidad, biografia, fecha_contratacion, estado_activo) VALUES ('Instructor70', 'Gen70', 'instr70@example.com', 'Especialidad2', 'Biografía del instructor 70.', '2014-12-17', TRUE);
INSERT INTO instructores (nombre, apellido, email, especialidad, biografia, fecha_contratacion, estado_activo) VALUES ('Instructor71', 'Gen71', 'instr71@example.com', 'Especialidad1', 'Biografía del instructor 71.', '2018-04-02', TRUE);
INSERT INTO instructores (nombre, apellido, email, especialidad, biografia, fecha_contratacion, estado_activo) VALUES ('Instructor72', 'Gen72', 'instr72@example.com', 'Especialidad3', 'Biografía del instructor 72.', '2016-03-11', TRUE);
INSERT INTO instructores (nombre, apellido, email, especialidad, biografia, fecha_contratacion, estado_activo) VALUES ('Instructor73', 'Gen73', 'instr73@example.com', 'Especialidad3', 'Biografía del instructor 73.', '2015-10-20', TRUE);
INSERT INTO instructores (nombre, apellido, email, especialidad, biografia, fecha_contratacion, estado_activo) VALUES ('Instructor74', 'Gen74', 'instr74@example.com', 'Especialidad2', 'Biografía del instructor 74.', '2014-11-21', TRUE);
INSERT INTO instructores (nombre, apellido, email, especialidad, biografia, fecha_contratacion, estado_activo) VALUES ('Instructor75', 'Gen75', 'instr75@example.com', 'Especialidad3', 'Biografía del instructor 75.', '2022-02-19', TRUE);
INSERT INTO instructores (nombre, apellido, email, especialidad, biografia, fecha_contratacion, estado_activo) VALUES ('Instructor76', 'Gen76', 'instr76@example.com', 'Especialidad5', 'Biografía del instructor 76.', '2013-04-01', TRUE);
INSERT INTO instructores (nombre, apellido, email, especialidad, biografia, fecha_contratacion, estado_activo) VALUES ('Instructor77', 'Gen77', 'instr77@example.com', 'Especialidad2', 'Biografía del instructor 77.', '2019-09-01', TRUE);
INSERT INTO instructores (nombre, apellido, email, especialidad, biografia, fecha_contratacion, estado_activo) VALUES ('Instructor78', 'Gen78', 'instr78@example.com', 'Especialidad1', 'Biografía del instructor 78.', '2014-03-31', TRUE);
INSERT INTO instructores (nombre, apellido, email, especialidad, biografia, fecha_contratacion, estado_activo) VALUES ('Instructor79', 'Gen79', 'instr79@example.com', 'Especialidad2', 'Biografía del instructor 79.', '2018-01-10', TRUE);
INSERT INTO instructores (nombre, apellido, email, especialidad, biografia, fecha_contratacion, estado_activo) VALUES ('Instructor80', 'Gen80', 'instr80@example.com', 'Especialidad2', 'Biografía del instructor 80.', '2011-10-19', TRUE);
INSERT INTO instructores (nombre, apellido, email, especialidad, biografia, fecha_contratacion, estado_activo) VALUES ('Instructor81', 'Gen81', 'instr81@example.com', 'Especialidad5', 'Biografía del instructor 81.', '2012-08-31', TRUE);
INSERT INTO instructores (nombre, apellido, email, especialidad, biografia, fecha_contratacion, estado_activo) VALUES ('Instructor82', 'Gen82', 'instr82@example.com', 'Especialidad5', 'Biografía del instructor 82.', '2016-06-27', TRUE);
INSERT INTO instructores (nombre, apellido, email, especialidad, biografia, fecha_contratacion, estado_activo) VALUES ('Instructor83', 'Gen83', 'instr83@example.com', 'Especialidad5', 'Biografía del instructor 83.', '2021-09-29', TRUE);
INSERT INTO instructores (nombre, apellido, email, especialidad, biografia, fecha_contratacion, estado_activo) VALUES ('Instructor84', 'Gen84', 'instr84@example.com', 'Especialidad3', 'Biografía del instructor 84.', '2011-05-21', TRUE);
INSERT INTO instructores (nombre, apellido, email, especialidad, biografia, fecha_contratacion, estado_activo) VALUES ('Instructor85', 'Gen85', 'instr85@example.com', 'Especialidad2', 'Biografía del instructor 85.', '2011-03-30', TRUE);
INSERT INTO instructores (nombre, apellido, email, especialidad, biografia, fecha_contratacion, estado_activo) VALUES ('Instructor86', 'Gen86', 'instr86@example.com', 'Especialidad5', 'Biografía del instructor 86.', '2013-08-26', TRUE);
INSERT INTO instructores (nombre, apellido, email, especialidad, biografia, fecha_contratacion, estado_activo) VALUES ('Instructor87', 'Gen87', 'instr87@example.com', 'Especialidad2', 'Biografía del instructor 87.', '2015-01-20', TRUE);
INSERT INTO instructores (nombre, apellido, email, especialidad, biografia, fecha_contratacion, estado_activo) VALUES ('Instructor88', 'Gen88', 'instr88@example.com', 'Especialidad3', 'Biografía del instructor 88.', '2010-05-20', TRUE);
INSERT INTO instructores (nombre, apellido, email, especialidad, biografia, fecha_contratacion, estado_activo) VALUES ('Instructor89', 'Gen89', 'instr89@example.com', 'Especialidad5', 'Biografía del instructor 89.', '2018-02-14', TRUE);
INSERT INTO instructores (nombre, apellido, email, especialidad, biografia, fecha_contratacion, estado_activo) VALUES ('Instructor90', 'Gen90', 'instr90@example.com', 'Especialidad1', 'Biografía del instructor 90.', '2011-01-23', TRUE);
INSERT INTO instructores (nombre, apellido, email, especialidad, biografia, fecha_contratacion, estado_activo) VALUES ('Instructor91', 'Gen91', 'instr91@example.com', 'Especialidad3', 'Biografía del instructor 91.', '2011-12-31', TRUE);
INSERT INTO instructores (nombre, apellido, email, especialidad, biografia, fecha_contratacion, estado_activo) VALUES ('Instructor92', 'Gen92', 'instr92@example.com', 'Especialidad5', 'Biografía del instructor 92.', '2016-04-08', TRUE);
INSERT INTO instructores (nombre, apellido, email, especialidad, biografia, fecha_contratacion, estado_activo) VALUES ('Instructor93', 'Gen93', 'instr93@example.com', 'Especialidad3', 'Biografía del instructor 93.', '2021-01-22', TRUE);
INSERT INTO instructores (nombre, apellido, email, especialidad, biografia, fecha_contratacion, estado_activo) VALUES ('Instructor94', 'Gen94', 'instr94@example.com', 'Especialidad3', 'Biografía del instructor 94.', '2012-03-29', TRUE);
INSERT INTO instructores (nombre, apellido, email, especialidad, biografia, fecha_contratacion, estado_activo) VALUES ('Instructor95', 'Gen95', 'instr95@example.com', 'Especialidad2', 'Biografía del instructor 95.', '2017-02-12', TRUE);
INSERT INTO instructores (nombre, apellido, email, especialidad, biografia, fecha_contratacion, estado_activo) VALUES ('Instructor96', 'Gen96', 'instr96@example.com', 'Especialidad5', 'Biografía del instructor 96.', '2015-03-07', TRUE);
INSERT INTO instructores (nombre, apellido, email, especialidad, biografia, fecha_contratacion, estado_activo) VALUES ('Instructor97', 'Gen97', 'instr97@example.com', 'Especialidad3', 'Biografía del instructor 97.', '2013-05-04', TRUE);
INSERT INTO instructores (nombre, apellido, email, especialidad, biografia, fecha_contratacion, estado_activo) VALUES ('Instructor98', 'Gen98', 'instr98@example.com', 'Especialidad5', 'Biografía del instructor 98.', '2017-10-15', TRUE);
INSERT INTO instructores (nombre, apellido, email, especialidad, biografia, fecha_contratacion, estado_activo) VALUES ('Instructor99', 'Gen99', 'instr99@example.com', 'Especialidad3', 'Biografía del instructor 99.', '2022-04-15', TRUE);
INSERT INTO instructores (nombre, apellido, email, especialidad, biografia, fecha_contratacion, estado_activo) VALUES ('Instructor100', 'Gen100', 'instr100@example.com', 'Especialidad4', 'Biografía del instructor 100.', '2013-03-09', TRUE);

INSERT INTO cursos (titulo, descripcion, nivel, duracion_horas, precio, instructor_id, estado_activo) VALUES ('Curso 1', 'Descripción 1', 'avanzado', 100, 143.80, 38, TRUE);
INSERT INTO cursos (titulo, descripcion, nivel, duracion_horas, precio, instructor_id, estado_activo) VALUES ('Curso 2', 'Descripción 2', 'principiante', 21, 274.98, 76, TRUE);
INSERT INTO cursos (titulo, descripcion, nivel, duracion_horas, precio, instructor_id, estado_activo) VALUES ('Curso 3', 'Descripción 3', 'intermedio', 45, 113.75, 75, TRUE);
INSERT INTO cursos (titulo, descripcion, nivel, duracion_horas, precio, instructor_id, estado_activo) VALUES ('Curso 4', 'Descripción 4', 'principiante', 31, 388.94, 36, TRUE);
INSERT INTO cursos (titulo, descripcion, nivel, duracion_horas, precio, instructor_id, estado_activo) VALUES ('Curso 5', 'Descripción 5', 'principiante', 69, 94.06, 69, TRUE);
INSERT INTO cursos (titulo, descripcion, nivel, duracion_horas, precio, instructor_id, estado_activo) VALUES ('Curso 6', 'Descripción 6', 'avanzado', 22, 426.18, 60, TRUE);
INSERT INTO cursos (titulo, descripcion, nivel, duracion_horas, precio, instructor_id, estado_activo) VALUES ('Curso 7', 'Descripción 7', 'experto', 29, 347.34, 83, TRUE);
INSERT INTO cursos (titulo, descripcion, nivel, duracion_horas, precio, instructor_id, estado_activo) VALUES ('Curso 8', 'Descripción 8', 'avanzado', 86, 321.80, 60, TRUE);
INSERT INTO cursos (titulo, descripcion, nivel, duracion_horas, precio, instructor_id, estado_activo) VALUES ('Curso 9', 'Descripción 9', 'avanzado', 15, 391.36, 72, TRUE);
INSERT INTO cursos (titulo, descripcion, nivel, duracion_horas, precio, instructor_id, estado_activo) VALUES ('Curso 10', 'Descripción 10', 'avanzado', 68, 135.06, 74, TRUE);
INSERT INTO cursos (titulo, descripcion, nivel, duracion_horas, precio, instructor_id, estado_activo) VALUES ('Curso 11', 'Descripción 11', 'principiante', 47, 458.42, 92, TRUE);
INSERT INTO cursos (titulo, descripcion, nivel, duracion_horas, precio, instructor_id, estado_activo) VALUES ('Curso 12', 'Descripción 12', 'experto', 72, 403.22, 59, TRUE);
INSERT INTO cursos (titulo, descripcion, nivel, duracion_horas, precio, instructor_id, estado_activo) VALUES ('Curso 13', 'Descripción 13', 'principiante', 86, 187.77, 65, TRUE);
INSERT INTO cursos (titulo, descripcion, nivel, duracion_horas, precio, instructor_id, estado_activo) VALUES ('Curso 14', 'Descripción 14', 'principiante', 20, 111.30, 31, TRUE);
INSERT INTO cursos (titulo, descripcion, nivel, duracion_horas, precio, instructor_id, estado_activo) VALUES ('Curso 15', 'Descripción 15', 'experto', 97, 66.77, 39, TRUE);
INSERT INTO cursos (titulo, descripcion, nivel, duracion_horas, precio, instructor_id, estado_activo) VALUES ('Curso 16', 'Descripción 16', 'intermedio', 68, 401.97, 77, TRUE);
INSERT INTO cursos (titulo, descripcion, nivel, duracion_horas, precio, instructor_id, estado_activo) VALUES ('Curso 17', 'Descripción 17', 'principiante', 24, 351.19, 28, TRUE);
INSERT INTO cursos (titulo, descripcion, nivel, duracion_horas, precio, instructor_id, estado_activo) VALUES ('Curso 18', 'Descripción 18', 'intermedio', 23, 357.84, 9, TRUE);
INSERT INTO cursos (titulo, descripcion, nivel, duracion_horas, precio, instructor_id, estado_activo) VALUES ('Curso 19', 'Descripción 19', 'principiante', 12, 253.10, 78, TRUE);
INSERT INTO cursos (titulo, descripcion, nivel, duracion_horas, precio, instructor_id, estado_activo) VALUES ('Curso 20', 'Descripción 20', 'avanzado', 85, 157.27, 82, TRUE);
INSERT INTO cursos (titulo, descripcion, nivel, duracion_horas, precio, instructor_id, estado_activo) VALUES ('Curso 21', 'Descripción 21', 'principiante', 100, 484.49, 19, TRUE);
INSERT INTO cursos (titulo, descripcion, nivel, duracion_horas, precio, instructor_id, estado_activo) VALUES ('Curso 22', 'Descripción 22', 'experto', 41, 83.29, 54, TRUE);
INSERT INTO cursos (titulo, descripcion, nivel, duracion_horas, precio, instructor_id, estado_activo) VALUES ('Curso 23', 'Descripción 23', 'intermedio', 14, 249.62, 94, TRUE);
INSERT INTO cursos (titulo, descripcion, nivel, duracion_horas, precio, instructor_id, estado_activo) VALUES ('Curso 24', 'Descripción 24', 'intermedio', 24, 443.85, 24, TRUE);
INSERT INTO cursos (titulo, descripcion, nivel, duracion_horas, precio, instructor_id, estado_activo) VALUES ('Curso 25', 'Descripción 25', 'experto', 19, 317.56, 37, TRUE);
INSERT INTO cursos (titulo, descripcion, nivel, duracion_horas, precio, instructor_id, estado_activo) VALUES ('Curso 26', 'Descripción 26', 'avanzado', 15, 141.28, 28, TRUE);
INSERT INTO cursos (titulo, descripcion, nivel, duracion_horas, precio, instructor_id, estado_activo) VALUES ('Curso 27', 'Descripción 27', 'avanzado', 74, 134.31, 83, TRUE);
INSERT INTO cursos (titulo, descripcion, nivel, duracion_horas, precio, instructor_id, estado_activo) VALUES ('Curso 28', 'Descripción 28', 'intermedio', 96, 111.99, 95, TRUE);
INSERT INTO cursos (titulo, descripcion, nivel, duracion_horas, precio, instructor_id, estado_activo) VALUES ('Curso 29', 'Descripción 29', 'intermedio', 42, 249.81, 48, TRUE);
INSERT INTO cursos (titulo, descripcion, nivel, duracion_horas, precio, instructor_id, estado_activo) VALUES ('Curso 30', 'Descripción 30', 'principiante', 30, 289.87, 69, TRUE);
INSERT INTO cursos (titulo, descripcion, nivel, duracion_horas, precio, instructor_id, estado_activo) VALUES ('Curso 31', 'Descripción 31', 'principiante', 15, 428.70, 16, TRUE);
INSERT INTO cursos (titulo, descripcion, nivel, duracion_horas, precio, instructor_id, estado_activo) VALUES ('Curso 32', 'Descripción 32', 'experto', 19, 265.79, 47, TRUE);
INSERT INTO cursos (titulo, descripcion, nivel, duracion_horas, precio, instructor_id, estado_activo) VALUES ('Curso 33', 'Descripción 33', 'experto', 94, 401.93, 77, TRUE);
INSERT INTO cursos (titulo, descripcion, nivel, duracion_horas, precio, instructor_id, estado_activo) VALUES ('Curso 34', 'Descripción 34', 'avanzado', 64, 403.32, 86, TRUE);
INSERT INTO cursos (titulo, descripcion, nivel, duracion_horas, precio, instructor_id, estado_activo) VALUES ('Curso 35', 'Descripción 35', 'intermedio', 13, 163.03, 89, TRUE);
INSERT INTO cursos (titulo, descripcion, nivel, duracion_horas, precio, instructor_id, estado_activo) VALUES ('Curso 36', 'Descripción 36', 'principiante', 60, 373.43, 52, TRUE);
INSERT INTO cursos (titulo, descripcion, nivel, duracion_horas, precio, instructor_id, estado_activo) VALUES ('Curso 37', 'Descripción 37', 'intermedio', 70, 189.43, 62, TRUE);
INSERT INTO cursos (titulo, descripcion, nivel, duracion_horas, precio, instructor_id, estado_activo) VALUES ('Curso 38', 'Descripción 38', 'avanzado', 82, 391.09, 97, TRUE);
INSERT INTO cursos (titulo, descripcion, nivel, duracion_horas, precio, instructor_id, estado_activo) VALUES ('Curso 39', 'Descripción 39', 'intermedio', 95, 453.63, 13, TRUE);
INSERT INTO cursos (titulo, descripcion, nivel, duracion_horas, precio, instructor_id, estado_activo) VALUES ('Curso 40', 'Descripción 40', 'intermedio', 56, 121.91, 74, TRUE);
INSERT INTO cursos (titulo, descripcion, nivel, duracion_horas, precio, instructor_id, estado_activo) VALUES ('Curso 41', 'Descripción 41', 'intermedio', 84, 150.04, 31, TRUE);
INSERT INTO cursos (titulo, descripcion, nivel, duracion_horas, precio, instructor_id, estado_activo) VALUES ('Curso 42', 'Descripción 42', 'avanzado', 19, 114.09, 58, TRUE);
INSERT INTO cursos (titulo, descripcion, nivel, duracion_horas, precio, instructor_id, estado_activo) VALUES ('Curso 43', 'Descripción 43', 'experto', 100, 429.32, 8, TRUE);
INSERT INTO cursos (titulo, descripcion, nivel, duracion_horas, precio, instructor_id, estado_activo) VALUES ('Curso 44', 'Descripción 44', 'principiante', 42, 471.45, 50, TRUE);
INSERT INTO cursos (titulo, descripcion, nivel, duracion_horas, precio, instructor_id, estado_activo) VALUES ('Curso 45', 'Descripción 45', 'avanzado', 31, 127.31, 29, TRUE);
INSERT INTO cursos (titulo, descripcion, nivel, duracion_horas, precio, instructor_id, estado_activo) VALUES ('Curso 46', 'Descripción 46', 'principiante', 32, 413.19, 95, TRUE);
INSERT INTO cursos (titulo, descripcion, nivel, duracion_horas, precio, instructor_id, estado_activo) VALUES ('Curso 47', 'Descripción 47', 'experto', 59, 97.75, 46, TRUE);
INSERT INTO cursos (titulo, descripcion, nivel, duracion_horas, precio, instructor_id, estado_activo) VALUES ('Curso 48', 'Descripción 48', 'experto', 97, 387.85, 86, TRUE);
INSERT INTO cursos (titulo, descripcion, nivel, duracion_horas, precio, instructor_id, estado_activo) VALUES ('Curso 49', 'Descripción 49', 'intermedio', 54, 53.36, 96, TRUE);
INSERT INTO cursos (titulo, descripcion, nivel, duracion_horas, precio, instructor_id, estado_activo) VALUES ('Curso 50', 'Descripción 50', 'experto', 76, 298.94, 20, TRUE);
INSERT INTO cursos (titulo, descripcion, nivel, duracion_horas, precio, instructor_id, estado_activo) VALUES ('Curso 51', 'Descripción 51', 'avanzado', 10, 312.08, 90, TRUE);
INSERT INTO cursos (titulo, descripcion, nivel, duracion_horas, precio, instructor_id, estado_activo) VALUES ('Curso 52', 'Descripción 52', 'avanzado', 55, 406.85, 72, TRUE);
INSERT INTO cursos (titulo, descripcion, nivel, duracion_horas, precio, instructor_id, estado_activo) VALUES ('Curso 53', 'Descripción 53', 'avanzado', 68, 214.40, 71, TRUE);
INSERT INTO cursos (titulo, descripcion, nivel, duracion_horas, precio, instructor_id, estado_activo) VALUES ('Curso 54', 'Descripción 54', 'experto', 98, 432.48, 93, TRUE);
INSERT INTO cursos (titulo, descripcion, nivel, duracion_horas, precio, instructor_id, estado_activo) VALUES ('Curso 55', 'Descripción 55', 'intermedio', 57, 408.61, 30, TRUE);
INSERT INTO cursos (titulo, descripcion, nivel, duracion_horas, precio, instructor_id, estado_activo) VALUES ('Curso 56', 'Descripción 56', 'experto', 78, 404.06, 3, TRUE);
INSERT INTO cursos (titulo, descripcion, nivel, duracion_horas, precio, instructor_id, estado_activo) VALUES ('Curso 57', 'Descripción 57', 'principiante', 86, 490.52, 60, TRUE);
INSERT INTO cursos (titulo, descripcion, nivel, duracion_horas, precio, instructor_id, estado_activo) VALUES ('Curso 58', 'Descripción 58', 'principiante', 64, 483.17, 64, TRUE);
INSERT INTO cursos (titulo, descripcion, nivel, duracion_horas, precio, instructor_id, estado_activo) VALUES ('Curso 59', 'Descripción 59', 'intermedio', 61, 173.77, 39, TRUE);
INSERT INTO cursos (titulo, descripcion, nivel, duracion_horas, precio, instructor_id, estado_activo) VALUES ('Curso 60', 'Descripción 60', 'principiante', 66, 281.95, 20, TRUE);
INSERT INTO cursos (titulo, descripcion, nivel, duracion_horas, precio, instructor_id, estado_activo) VALUES ('Curso 61', 'Descripción 61', 'experto', 86, 458.79, 5, TRUE);
INSERT INTO cursos (titulo, descripcion, nivel, duracion_horas, precio, instructor_id, estado_activo) VALUES ('Curso 62', 'Descripción 62', 'intermedio', 87, 194.16, 97, TRUE);
INSERT INTO cursos (titulo, descripcion, nivel, duracion_horas, precio, instructor_id, estado_activo) VALUES ('Curso 63', 'Descripción 63', 'experto', 27, 369.52, 2, TRUE);
INSERT INTO cursos (titulo, descripcion, nivel, duracion_horas, precio, instructor_id, estado_activo) VALUES ('Curso 64', 'Descripción 64', 'avanzado', 69, 132.64, 70, TRUE);
INSERT INTO cursos (titulo, descripcion, nivel, duracion_horas, precio, instructor_id, estado_activo) VALUES ('Curso 65', 'Descripción 65', 'avanzado', 22, 206.79, 43, TRUE);
INSERT INTO cursos (titulo, descripcion, nivel, duracion_horas, precio, instructor_id, estado_activo) VALUES ('Curso 66', 'Descripción 66', 'avanzado', 64, 239.74, 32, TRUE);
INSERT INTO cursos (titulo, descripcion, nivel, duracion_horas, precio, instructor_id, estado_activo) VALUES ('Curso 67', 'Descripción 67', 'avanzado', 84, 397.47, 100, TRUE);
INSERT INTO cursos (titulo, descripcion, nivel, duracion_horas, precio, instructor_id, estado_activo) VALUES ('Curso 68', 'Descripción 68', 'principiante', 39, 136.71, 39, TRUE);
INSERT INTO cursos (titulo, descripcion, nivel, duracion_horas, precio, instructor_id, estado_activo) VALUES ('Curso 69', 'Descripción 69', 'experto', 68, 440.78, 59, TRUE);
INSERT INTO cursos (titulo, descripcion, nivel, duracion_horas, precio, instructor_id, estado_activo) VALUES ('Curso 70', 'Descripción 70', 'principiante', 99, 359.37, 93, TRUE);
INSERT INTO cursos (titulo, descripcion, nivel, duracion_horas, precio, instructor_id, estado_activo) VALUES ('Curso 71', 'Descripción 71', 'experto', 72, 339.62, 89, TRUE);
INSERT INTO cursos (titulo, descripcion, nivel, duracion_horas, precio, instructor_id, estado_activo) VALUES ('Curso 72', 'Descripción 72', 'intermedio', 17, 225.65, 56, TRUE);
INSERT INTO cursos (titulo, descripcion, nivel, duracion_horas, precio, instructor_id, estado_activo) VALUES ('Curso 73', 'Descripción 73', 'intermedio', 79, 326.72, 99, TRUE);
INSERT INTO cursos (titulo, descripcion, nivel, duracion_horas, precio, instructor_id, estado_activo) VALUES ('Curso 74', 'Descripción 74', 'avanzado', 78, 408.30, 56, TRUE);
INSERT INTO cursos (titulo, descripcion, nivel, duracion_horas, precio, instructor_id, estado_activo) VALUES ('Curso 75', 'Descripción 75', 'principiante', 26, 145.72, 71, TRUE);
INSERT INTO cursos (titulo, descripcion, nivel, duracion_horas, precio, instructor_id, estado_activo) VALUES ('Curso 76', 'Descripción 76', 'intermedio', 28, 415.74, 70, TRUE);
INSERT INTO cursos (titulo, descripcion, nivel, duracion_horas, precio, instructor_id, estado_activo) VALUES ('Curso 77', 'Descripción 77', 'avanzado', 68, 110.41, 69, TRUE);
INSERT INTO cursos (titulo, descripcion, nivel, duracion_horas, precio, instructor_id, estado_activo) VALUES ('Curso 78', 'Descripción 78', 'principiante', 12, 435.48, 92, TRUE);
INSERT INTO cursos (titulo, descripcion, nivel, duracion_horas, precio, instructor_id, estado_activo) VALUES ('Curso 79', 'Descripción 79', 'avanzado', 23, 448.34, 37, TRUE);
INSERT INTO cursos (titulo, descripcion, nivel, duracion_horas, precio, instructor_id, estado_activo) VALUES ('Curso 80', 'Descripción 80', 'experto', 63, 399.56, 39, TRUE);
INSERT INTO cursos (titulo, descripcion, nivel, duracion_horas, precio, instructor_id, estado_activo) VALUES ('Curso 81', 'Descripción 81', 'principiante', 18, 128.06, 14, TRUE);
INSERT INTO cursos (titulo, descripcion, nivel, duracion_horas, precio, instructor_id, estado_activo) VALUES ('Curso 82', 'Descripción 82', 'principiante', 58, 490.51, 63, TRUE);
INSERT INTO cursos (titulo, descripcion, nivel, duracion_horas, precio, instructor_id, estado_activo) VALUES ('Curso 83', 'Descripción 83', 'avanzado', 67, 216.85, 27, TRUE);
INSERT INTO cursos (titulo, descripcion, nivel, duracion_horas, precio, instructor_id, estado_activo) VALUES ('Curso 84', 'Descripción 84', 'intermedio', 62, 341.85, 41, TRUE);
INSERT INTO cursos (titulo, descripcion, nivel, duracion_horas, precio, instructor_id, estado_activo) VALUES ('Curso 85', 'Descripción 85', 'avanzado', 93, 451.65, 86, TRUE);
INSERT INTO cursos (titulo, descripcion, nivel, duracion_horas, precio, instructor_id, estado_activo) VALUES ('Curso 86', 'Descripción 86', 'intermedio', 96, 101.29, 60, TRUE);
INSERT INTO cursos (titulo, descripcion, nivel, duracion_horas, precio, instructor_id, estado_activo) VALUES ('Curso 87', 'Descripción 87', 'avanzado', 10, 338.45, 74, TRUE);
INSERT INTO cursos (titulo, descripcion, nivel, duracion_horas, precio, instructor_id, estado_activo) VALUES ('Curso 88', 'Descripción 88', 'avanzado', 62, 303.29, 35, TRUE);
INSERT INTO cursos (titulo, descripcion, nivel, duracion_horas, precio, instructor_id, estado_activo) VALUES ('Curso 89', 'Descripción 89', 'intermedio', 68, 253.79, 31, TRUE);
INSERT INTO cursos (titulo, descripcion, nivel, duracion_horas, precio, instructor_id, estado_activo) VALUES ('Curso 90', 'Descripción 90', 'principiante', 32, 292.33, 4, TRUE);
INSERT INTO cursos (titulo, descripcion, nivel, duracion_horas, precio, instructor_id, estado_activo) VALUES ('Curso 91', 'Descripción 91', 'intermedio', 100, 323.16, 15, TRUE);
INSERT INTO cursos (titulo, descripcion, nivel, duracion_horas, precio, instructor_id, estado_activo) VALUES ('Curso 92', 'Descripción 92', 'avanzado', 88, 222.35, 22, TRUE);
INSERT INTO cursos (titulo, descripcion, nivel, duracion_horas, precio, instructor_id, estado_activo) VALUES ('Curso 93', 'Descripción 93', 'intermedio', 62, 387.74, 40, TRUE);
INSERT INTO cursos (titulo, descripcion, nivel, duracion_horas, precio, instructor_id, estado_activo) VALUES ('Curso 94', 'Descripción 94', 'principiante', 88, 298.17, 86, TRUE);
INSERT INTO cursos (titulo, descripcion, nivel, duracion_horas, precio, instructor_id, estado_activo) VALUES ('Curso 95', 'Descripción 95', 'intermedio', 15, 218.91, 82, TRUE);
INSERT INTO cursos (titulo, descripcion, nivel, duracion_horas, precio, instructor_id, estado_activo) VALUES ('Curso 96', 'Descripción 96', 'avanzado', 26, 476.96, 1, TRUE);
INSERT INTO cursos (titulo, descripcion, nivel, duracion_horas, precio, instructor_id, estado_activo) VALUES ('Curso 97', 'Descripción 97', 'principiante', 97, 75.46, 11, TRUE);
INSERT INTO cursos (titulo, descripcion, nivel, duracion_horas, precio, instructor_id, estado_activo) VALUES ('Curso 98', 'Descripción 98', 'principiante', 99, 362.15, 66, TRUE);
INSERT INTO cursos (titulo, descripcion, nivel, duracion_horas, precio, instructor_id, estado_activo) VALUES ('Curso 99', 'Descripción 99', 'intermedio', 63, 210.66, 17, TRUE);
INSERT INTO cursos (titulo, descripcion, nivel, duracion_horas, precio, instructor_id, estado_activo) VALUES ('Curso 100', 'Descripción 100', 'principiante', 16, 413.95, 82, TRUE);

INSERT INTO modulos (curso_id, titulo, descripcion, orden, duracion_horas) VALUES (1, 'Modulo1', 'Desc modulo 1', 1, 6);
INSERT INTO modulos (curso_id, titulo, descripcion, orden, duracion_horas) VALUES (2, 'Modulo2', 'Desc modulo 2', 1, 20);
INSERT INTO modulos (curso_id, titulo, descripcion, orden, duracion_horas) VALUES (3, 'Modulo3', 'Desc modulo 3', 1, 6);
INSERT INTO modulos (curso_id, titulo, descripcion, orden, duracion_horas) VALUES (4, 'Modulo4', 'Desc modulo 4', 1, 7);
INSERT INTO modulos (curso_id, titulo, descripcion, orden, duracion_horas) VALUES (5, 'Modulo5', 'Desc modulo 5', 1, 7);
INSERT INTO modulos (curso_id, titulo, descripcion, orden, duracion_horas) VALUES (6, 'Modulo6', 'Desc modulo 6', 1, 17);
INSERT INTO modulos (curso_id, titulo, descripcion, orden, duracion_horas) VALUES (7, 'Modulo7', 'Desc modulo 7', 1, 15);
INSERT INTO modulos (curso_id, titulo, descripcion, orden, duracion_horas) VALUES (8, 'Modulo8', 'Desc modulo 8', 1, 7);
INSERT INTO modulos (curso_id, titulo, descripcion, orden, duracion_horas) VALUES (9, 'Modulo9', 'Desc modulo 9', 1, 7);
INSERT INTO modulos (curso_id, titulo, descripcion, orden, duracion_horas) VALUES (10, 'Modulo10', 'Desc modulo 10', 1, 16);
INSERT INTO modulos (curso_id, titulo, descripcion, orden, duracion_horas) VALUES (11, 'Modulo11', 'Desc modulo 11', 1, 6);
INSERT INTO modulos (curso_id, titulo, descripcion, orden, duracion_horas) VALUES (12, 'Modulo12', 'Desc modulo 12', 1, 16);
INSERT INTO modulos (curso_id, titulo, descripcion, orden, duracion_horas) VALUES (13, 'Modulo13', 'Desc modulo 13', 1, 11);
INSERT INTO modulos (curso_id, titulo, descripcion, orden, duracion_horas) VALUES (14, 'Modulo14', 'Desc modulo 14', 1, 10);
INSERT INTO modulos (curso_id, titulo, descripcion, orden, duracion_horas) VALUES (15, 'Modulo15', 'Desc modulo 15', 1, 6);
INSERT INTO modulos (curso_id, titulo, descripcion, orden, duracion_horas) VALUES (16, 'Modulo16', 'Desc modulo 16', 1, 11);
INSERT INTO modulos (curso_id, titulo, descripcion, orden, duracion_horas) VALUES (17, 'Modulo17', 'Desc modulo 17', 1, 19);
INSERT INTO modulos (curso_id, titulo, descripcion, orden, duracion_horas) VALUES (18, 'Modulo18', 'Desc modulo 18', 1, 7);
INSERT INTO modulos (curso_id, titulo, descripcion, orden, duracion_horas) VALUES (19, 'Modulo19', 'Desc modulo 19', 1, 7);
INSERT INTO modulos (curso_id, titulo, descripcion, orden, duracion_horas) VALUES (20, 'Modulo20', 'Desc modulo 20', 1, 15);
INSERT INTO modulos (curso_id, titulo, descripcion, orden, duracion_horas) VALUES (21, 'Modulo21', 'Desc modulo 21', 1, 18);
INSERT INTO modulos (curso_id, titulo, descripcion, orden, duracion_horas) VALUES (22, 'Modulo22', 'Desc modulo 22', 1, 19);
INSERT INTO modulos (curso_id, titulo, descripcion, orden, duracion_horas) VALUES (23, 'Modulo23', 'Desc modulo 23', 1, 18);
INSERT INTO modulos (curso_id, titulo, descripcion, orden, duracion_horas) VALUES (24, 'Modulo24', 'Desc modulo 24', 1, 6);
INSERT INTO modulos (curso_id, titulo, descripcion, orden, duracion_horas) VALUES (25, 'Modulo25', 'Desc modulo 25', 1, 9);
INSERT INTO modulos (curso_id, titulo, descripcion, orden, duracion_horas) VALUES (26, 'Modulo26', 'Desc modulo 26', 1, 17);
INSERT INTO modulos (curso_id, titulo, descripcion, orden, duracion_horas) VALUES (27, 'Modulo27', 'Desc modulo 27', 1, 10);
INSERT INTO modulos (curso_id, titulo, descripcion, orden, duracion_horas) VALUES (28, 'Modulo28', 'Desc modulo 28', 1, 5);
INSERT INTO modulos (curso_id, titulo, descripcion, orden, duracion_horas) VALUES (29, 'Modulo29', 'Desc modulo 29', 1, 6);
INSERT INTO modulos (curso_id, titulo, descripcion, orden, duracion_horas) VALUES (30, 'Modulo30', 'Desc modulo 30', 1, 7);
INSERT INTO modulos (curso_id, titulo, descripcion, orden, duracion_horas) VALUES (31, 'Modulo31', 'Desc modulo 31', 1, 9);
INSERT INTO modulos (curso_id, titulo, descripcion, orden, duracion_horas) VALUES (32, 'Modulo32', 'Desc modulo 32', 1, 20);
INSERT INTO modulos (curso_id, titulo, descripcion, orden, duracion_horas) VALUES (33, 'Modulo33', 'Desc modulo 33', 1, 12);
INSERT INTO modulos (curso_id, titulo, descripcion, orden, duracion_horas) VALUES (34, 'Modulo34', 'Desc modulo 34', 1, 15);
INSERT INTO modulos (curso_id, titulo, descripcion, orden, duracion_horas) VALUES (35, 'Modulo35', 'Desc modulo 35', 1, 9);
INSERT INTO modulos (curso_id, titulo, descripcion, orden, duracion_horas) VALUES (36, 'Modulo36', 'Desc modulo 36', 1, 18);
INSERT INTO modulos (curso_id, titulo, descripcion, orden, duracion_horas) VALUES (37, 'Modulo37', 'Desc modulo 37', 1, 8);
INSERT INTO modulos (curso_id, titulo, descripcion, orden, duracion_horas) VALUES (38, 'Modulo38', 'Desc modulo 38', 1, 7);
INSERT INTO modulos (curso_id, titulo, descripcion, orden, duracion_horas) VALUES (39, 'Modulo39', 'Desc modulo 39', 1, 16);
INSERT INTO modulos (curso_id, titulo, descripcion, orden, duracion_horas) VALUES (40, 'Modulo40', 'Desc modulo 40', 1, 7);
INSERT INTO modulos (curso_id, titulo, descripcion, orden, duracion_horas) VALUES (41, 'Modulo41', 'Desc modulo 41', 1, 7);
INSERT INTO modulos (curso_id, titulo, descripcion, orden, duracion_horas) VALUES (42, 'Modulo42', 'Desc modulo 42', 1, 18);
INSERT INTO modulos (curso_id, titulo, descripcion, orden, duracion_horas) VALUES (43, 'Modulo43', 'Desc modulo 43', 1, 10);
INSERT INTO modulos (curso_id, titulo, descripcion, orden, duracion_horas) VALUES (44, 'Modulo44', 'Desc modulo 44', 1, 18);
INSERT INTO modulos (curso_id, titulo, descripcion, orden, duracion_horas) VALUES (45, 'Modulo45', 'Desc modulo 45', 1, 10);
INSERT INTO modulos (curso_id, titulo, descripcion, orden, duracion_horas) VALUES (46, 'Modulo46', 'Desc modulo 46', 1, 16);
INSERT INTO modulos (curso_id, titulo, descripcion, orden, duracion_horas) VALUES (47, 'Modulo47', 'Desc modulo 47', 1, 14);
INSERT INTO modulos (curso_id, titulo, descripcion, orden, duracion_horas) VALUES (48, 'Modulo48', 'Desc modulo 48', 1, 5);
INSERT INTO modulos (curso_id, titulo, descripcion, orden, duracion_horas) VALUES (49, 'Modulo49', 'Desc modulo 49', 1, 7);
INSERT INTO modulos (curso_id, titulo, descripcion, orden, duracion_horas) VALUES (50, 'Modulo50', 'Desc modulo 50', 1, 7);
INSERT INTO modulos (curso_id, titulo, descripcion, orden, duracion_horas) VALUES (51, 'Modulo51', 'Desc modulo 51', 1, 5);
INSERT INTO modulos (curso_id, titulo, descripcion, orden, duracion_horas) VALUES (52, 'Modulo52', 'Desc modulo 52', 1, 12);
INSERT INTO modulos (curso_id, titulo, descripcion, orden, duracion_horas) VALUES (53, 'Modulo53', 'Desc modulo 53', 1, 11);
INSERT INTO modulos (curso_id, titulo, descripcion, orden, duracion_horas) VALUES (54, 'Modulo54', 'Desc modulo 54', 1, 5);
INSERT INTO modulos (curso_id, titulo, descripcion, orden, duracion_horas) VALUES (55, 'Modulo55', 'Desc modulo 55', 1, 9);
INSERT INTO modulos (curso_id, titulo, descripcion, orden, duracion_horas) VALUES (56, 'Modulo56', 'Desc modulo 56', 1, 16);
INSERT INTO modulos (curso_id, titulo, descripcion, orden, duracion_horas) VALUES (57, 'Modulo57', 'Desc modulo 57', 1, 7);
INSERT INTO modulos (curso_id, titulo, descripcion, orden, duracion_horas) VALUES (58, 'Modulo58', 'Desc modulo 58', 1, 5);
INSERT INTO modulos (curso_id, titulo, descripcion, orden, duracion_horas) VALUES (59, 'Modulo59', 'Desc modulo 59', 1, 9);
INSERT INTO modulos (curso_id, titulo, descripcion, orden, duracion_horas) VALUES (60, 'Modulo60', 'Desc modulo 60', 1, 17);
INSERT INTO modulos (curso_id, titulo, descripcion, orden, duracion_horas) VALUES (61, 'Modulo61', 'Desc modulo 61', 1, 20);
INSERT INTO modulos (curso_id, titulo, descripcion, orden, duracion_horas) VALUES (62, 'Modulo62', 'Desc modulo 62', 1, 20);
INSERT INTO modulos (curso_id, titulo, descripcion, orden, duracion_horas) VALUES (63, 'Modulo63', 'Desc modulo 63', 1, 12);
INSERT INTO modulos (curso_id, titulo, descripcion, orden, duracion_horas) VALUES (64, 'Modulo64', 'Desc modulo 64', 1, 9);
INSERT INTO modulos (curso_id, titulo, descripcion, orden, duracion_horas) VALUES (65, 'Modulo65', 'Desc modulo 65', 1, 16);
INSERT INTO modulos (curso_id, titulo, descripcion, orden, duracion_horas) VALUES (66, 'Modulo66', 'Desc modulo 66', 1, 9);
INSERT INTO modulos (curso_id, titulo, descripcion, orden, duracion_horas) VALUES (67, 'Modulo67', 'Desc modulo 67', 1, 7);
INSERT INTO modulos (curso_id, titulo, descripcion, orden, duracion_horas) VALUES (68, 'Modulo68', 'Desc modulo 68', 1, 20);
INSERT INTO modulos (curso_id, titulo, descripcion, orden, duracion_horas) VALUES (69, 'Modulo69', 'Desc modulo 69', 1, 19);
INSERT INTO modulos (curso_id, titulo, descripcion, orden, duracion_horas) VALUES (70, 'Modulo70', 'Desc modulo 70', 1, 7);
INSERT INTO modulos (curso_id, titulo, descripcion, orden, duracion_horas) VALUES (71, 'Modulo71', 'Desc modulo 71', 1, 18);
INSERT INTO modulos (curso_id, titulo, descripcion, orden, duracion_horas) VALUES (72, 'Modulo72', 'Desc modulo 72', 1, 14);
INSERT INTO modulos (curso_id, titulo, descripcion, orden, duracion_horas) VALUES (73, 'Modulo73', 'Desc modulo 73', 1, 13);
INSERT INTO modulos (curso_id, titulo, descripcion, orden, duracion_horas) VALUES (74, 'Modulo74', 'Desc modulo 74', 1, 20);
INSERT INTO modulos (curso_id, titulo, descripcion, orden, duracion_horas) VALUES (75, 'Modulo75', 'Desc modulo 75', 1, 16);
INSERT INTO modulos (curso_id, titulo, descripcion, orden, duracion_horas) VALUES (76, 'Modulo76', 'Desc modulo 76', 1, 15);
INSERT INTO modulos (curso_id, titulo, descripcion, orden, duracion_horas) VALUES (77, 'Modulo77', 'Desc modulo 77', 1, 17);
INSERT INTO modulos (curso_id, titulo, descripcion, orden, duracion_horas) VALUES (78, 'Modulo78', 'Desc modulo 78', 1, 18);
INSERT INTO modulos (curso_id, titulo, descripcion, orden, duracion_horas) VALUES (79, 'Modulo79', 'Desc modulo 79', 1, 17);
INSERT INTO modulos (curso_id, titulo, descripcion, orden, duracion_horas) VALUES (80, 'Modulo80', 'Desc modulo 80', 1, 18);
INSERT INTO modulos (curso_id, titulo, descripcion, orden, duracion_horas) VALUES (81, 'Modulo81', 'Desc modulo 81', 1, 14);
INSERT INTO modulos (curso_id, titulo, descripcion, orden, duracion_horas) VALUES (82, 'Modulo82', 'Desc modulo 82', 1, 10);
INSERT INTO modulos (curso_id, titulo, descripcion, orden, duracion_horas) VALUES (83, 'Modulo83', 'Desc modulo 83', 1, 5);
INSERT INTO modulos (curso_id, titulo, descripcion, orden, duracion_horas) VALUES (84, 'Modulo84', 'Desc modulo 84', 1, 16);
INSERT INTO modulos (curso_id, titulo, descripcion, orden, duracion_horas) VALUES (85, 'Modulo85', 'Desc modulo 85', 1, 15);
INSERT INTO modulos (curso_id, titulo, descripcion, orden, duracion_horas) VALUES (86, 'Modulo86', 'Desc modulo 86', 1, 6);
INSERT INTO modulos (curso_id, titulo, descripcion, orden, duracion_horas) VALUES (87, 'Modulo87', 'Desc modulo 87', 1, 15);
INSERT INTO modulos (curso_id, titulo, descripcion, orden, duracion_horas) VALUES (88, 'Modulo88', 'Desc modulo 88', 1, 20);
INSERT INTO modulos (curso_id, titulo, descripcion, orden, duracion_horas) VALUES (89, 'Modulo89', 'Desc modulo 89', 1, 19);
INSERT INTO modulos (curso_id, titulo, descripcion, orden, duracion_horas) VALUES (90, 'Modulo90', 'Desc modulo 90', 1, 19);
INSERT INTO modulos (curso_id, titulo, descripcion, orden, duracion_horas) VALUES (91, 'Modulo91', 'Desc modulo 91', 1, 20);
INSERT INTO modulos (curso_id, titulo, descripcion, orden, duracion_horas) VALUES (92, 'Modulo92', 'Desc modulo 92', 1, 18);
INSERT INTO modulos (curso_id, titulo, descripcion, orden, duracion_horas) VALUES (93, 'Modulo93', 'Desc modulo 93', 1, 6);
INSERT INTO modulos (curso_id, titulo, descripcion, orden, duracion_horas) VALUES (94, 'Modulo94', 'Desc modulo 94', 1, 8);
INSERT INTO modulos (curso_id, titulo, descripcion, orden, duracion_horas) VALUES (95, 'Modulo95', 'Desc modulo 95', 1, 7);
INSERT INTO modulos (curso_id, titulo, descripcion, orden, duracion_horas) VALUES (96, 'Modulo96', 'Desc modulo 96', 1, 14);
INSERT INTO modulos (curso_id, titulo, descripcion, orden, duracion_horas) VALUES (97, 'Modulo97', 'Desc modulo 97', 1, 10);
INSERT INTO modulos (curso_id, titulo, descripcion, orden, duracion_horas) VALUES (98, 'Modulo98', 'Desc modulo 98', 1, 15);
INSERT INTO modulos (curso_id, titulo, descripcion, orden, duracion_horas) VALUES (99, 'Modulo99', 'Desc modulo 99', 1, 15);
INSERT INTO modulos (curso_id, titulo, descripcion, orden, duracion_horas) VALUES (100, 'Modulo100', 'Desc modulo 100', 1, 12);

INSERT INTO lecciones (modulo_id, titulo, contenido, duracion_minutos, orden, tipo_contenido) VALUES (1, 'Leccion1', 'Contenido 1', 42, 1, 'video');
INSERT INTO lecciones (modulo_id, titulo, contenido, duracion_minutos, orden, tipo_contenido) VALUES (2, 'Leccion2', 'Contenido 2', 44, 1, 'video');
INSERT INTO lecciones (modulo_id, titulo, contenido, duracion_minutos, orden, tipo_contenido) VALUES (3, 'Leccion3', 'Contenido 3', 30, 1, 'tarea');
INSERT INTO lecciones (modulo_id, titulo, contenido, duracion_minutos, orden, tipo_contenido) VALUES (4, 'Leccion4', 'Contenido 4', 23, 1, 'quiz');
INSERT INTO lecciones (modulo_id, titulo, contenido, duracion_minutos, orden, tipo_contenido) VALUES (5, 'Leccion5', 'Contenido 5', 32, 1, 'quiz');
INSERT INTO lecciones (modulo_id, titulo, contenido, duracion_minutos, orden, tipo_contenido) VALUES (6, 'Leccion6', 'Contenido 6', 21, 1, 'quiz');
INSERT INTO lecciones (modulo_id, titulo, contenido, duracion_minutos, orden, tipo_contenido) VALUES (7, 'Leccion7', 'Contenido 7', 20, 1, 'tarea');
INSERT INTO lecciones (modulo_id, titulo, contenido, duracion_minutos, orden, tipo_contenido) VALUES (8, 'Leccion8', 'Contenido 8', 15, 1, 'lectura');
INSERT INTO lecciones (modulo_id, titulo, contenido, duracion_minutos, orden, tipo_contenido) VALUES (9, 'Leccion9', 'Contenido 9', 48, 1, 'lectura');
INSERT INTO lecciones (modulo_id, titulo, contenido, duracion_minutos, orden, tipo_contenido) VALUES (10, 'Leccion10', 'Contenido 10', 25, 1, 'video');
INSERT INTO lecciones (modulo_id, titulo, contenido, duracion_minutos, orden, tipo_contenido) VALUES (11, 'Leccion11', 'Contenido 11', 16, 1, 'video');
INSERT INTO lecciones (modulo_id, titulo, contenido, duracion_minutos, orden, tipo_contenido) VALUES (12, 'Leccion12', 'Contenido 12', 15, 1, 'quiz');
INSERT INTO lecciones (modulo_id, titulo, contenido, duracion_minutos, orden, tipo_contenido) VALUES (13, 'Leccion13', 'Contenido 13', 27, 1, 'quiz');
INSERT INTO lecciones (modulo_id, titulo, contenido, duracion_minutos, orden, tipo_contenido) VALUES (14, 'Leccion14', 'Contenido 14', 14, 1, 'video');
INSERT INTO lecciones (modulo_id, titulo, contenido, duracion_minutos, orden, tipo_contenido) VALUES (15, 'Leccion15', 'Contenido 15', 16, 1, 'video');
INSERT INTO lecciones (modulo_id, titulo, contenido, duracion_minutos, orden, tipo_contenido) VALUES (16, 'Leccion16', 'Contenido 16', 36, 1, 'lectura');
INSERT INTO lecciones (modulo_id, titulo, contenido, duracion_minutos, orden, tipo_contenido) VALUES (17, 'Leccion17', 'Contenido 17', 25, 1, 'quiz');
INSERT INTO lecciones (modulo_id, titulo, contenido, duracion_minutos, orden, tipo_contenido) VALUES (18, 'Leccion18', 'Contenido 18', 43, 1, 'video');
INSERT INTO lecciones (modulo_id, titulo, contenido, duracion_minutos, orden, tipo_contenido) VALUES (19, 'Leccion19', 'Contenido 19', 27, 1, 'lectura');
INSERT INTO lecciones (modulo_id, titulo, contenido, duracion_minutos, orden, tipo_contenido) VALUES (20, 'Leccion20', 'Contenido 20', 39, 1, 'quiz');
INSERT INTO lecciones (modulo_id, titulo, contenido, duracion_minutos, orden, tipo_contenido) VALUES (21, 'Leccion21', 'Contenido 21', 27, 1, 'video');
INSERT INTO lecciones (modulo_id, titulo, contenido, duracion_minutos, orden, tipo_contenido) VALUES (22, 'Leccion22', 'Contenido 22', 57, 1, 'video');
INSERT INTO lecciones (modulo_id, titulo, contenido, duracion_minutos, orden, tipo_contenido) VALUES (23, 'Leccion23', 'Contenido 23', 18, 1, 'lectura');
INSERT INTO lecciones (modulo_id, titulo, contenido, duracion_minutos, orden, tipo_contenido) VALUES (24, 'Leccion24', 'Contenido 24', 56, 1, 'lectura');
INSERT INTO lecciones (modulo_id, titulo, contenido, duracion_minutos, orden, tipo_contenido) VALUES (25, 'Leccion25', 'Contenido 25', 10, 1, 'quiz');
INSERT INTO lecciones (modulo_id, titulo, contenido, duracion_minutos, orden, tipo_contenido) VALUES (26, 'Leccion26', 'Contenido 26', 27, 1, 'video');
INSERT INTO lecciones (modulo_id, titulo, contenido, duracion_minutos, orden, tipo_contenido) VALUES (27, 'Leccion27', 'Contenido 27', 23, 1, 'quiz');
INSERT INTO lecciones (modulo_id, titulo, contenido, duracion_minutos, orden, tipo_contenido) VALUES (28, 'Leccion28', 'Contenido 28', 24, 1, 'lectura');
INSERT INTO lecciones (modulo_id, titulo, contenido, duracion_minutos, orden, tipo_contenido) VALUES (29, 'Leccion29', 'Contenido 29', 17, 1, 'quiz');
INSERT INTO lecciones (modulo_id, titulo, contenido, duracion_minutos, orden, tipo_contenido) VALUES (30, 'Leccion30', 'Contenido 30', 57, 1, 'tarea');
INSERT INTO lecciones (modulo_id, titulo, contenido, duracion_minutos, orden, tipo_contenido) VALUES (31, 'Leccion31', 'Contenido 31', 52, 1, 'video');
INSERT INTO lecciones (modulo_id, titulo, contenido, duracion_minutos, orden, tipo_contenido) VALUES (32, 'Leccion32', 'Contenido 32', 16, 1, 'lectura');
INSERT INTO lecciones (modulo_id, titulo, contenido, duracion_minutos, orden, tipo_contenido) VALUES (33, 'Leccion33', 'Contenido 33', 26, 1, 'video');
INSERT INTO lecciones (modulo_id, titulo, contenido, duracion_minutos, orden, tipo_contenido) VALUES (34, 'Leccion34', 'Contenido 34', 25, 1, 'tarea');
INSERT INTO lecciones (modulo_id, titulo, contenido, duracion_minutos, orden, tipo_contenido) VALUES (35, 'Leccion35', 'Contenido 35', 51, 1, 'quiz');
INSERT INTO lecciones (modulo_id, titulo, contenido, duracion_minutos, orden, tipo_contenido) VALUES (36, 'Leccion36', 'Contenido 36', 28, 1, 'tarea');
INSERT INTO lecciones (modulo_id, titulo, contenido, duracion_minutos, orden, tipo_contenido) VALUES (37, 'Leccion37', 'Contenido 37', 16, 1, 'video');
INSERT INTO lecciones (modulo_id, titulo, contenido, duracion_minutos, orden, tipo_contenido) VALUES (38, 'Leccion38', 'Contenido 38', 55, 1, 'tarea');
INSERT INTO lecciones (modulo_id, titulo, contenido, duracion_minutos, orden, tipo_contenido) VALUES (39, 'Leccion39', 'Contenido 39', 52, 1, 'tarea');
INSERT INTO lecciones (modulo_id, titulo, contenido, duracion_minutos, orden, tipo_contenido) VALUES (40, 'Leccion40', 'Contenido 40', 45, 1, 'quiz');
INSERT INTO lecciones (modulo_id, titulo, contenido, duracion_minutos, orden, tipo_contenido) VALUES (41, 'Leccion41', 'Contenido 41', 11, 1, 'video');
INSERT INTO lecciones (modulo_id, titulo, contenido, duracion_minutos, orden, tipo_contenido) VALUES (42, 'Leccion42', 'Contenido 42', 15, 1, 'lectura');
INSERT INTO lecciones (modulo_id, titulo, contenido, duracion_minutos, orden, tipo_contenido) VALUES (43, 'Leccion43', 'Contenido 43', 15, 1, 'tarea');
INSERT INTO lecciones (modulo_id, titulo, contenido, duracion_minutos, orden, tipo_contenido) VALUES (44, 'Leccion44', 'Contenido 44', 44, 1, 'lectura');
INSERT INTO lecciones (modulo_id, titulo, contenido, duracion_minutos, orden, tipo_contenido) VALUES (45, 'Leccion45', 'Contenido 45', 12, 1, 'video');
INSERT INTO lecciones (modulo_id, titulo, contenido, duracion_minutos, orden, tipo_contenido) VALUES (46, 'Leccion46', 'Contenido 46', 35, 1, 'quiz');
INSERT INTO lecciones (modulo_id, titulo, contenido, duracion_minutos, orden, tipo_contenido) VALUES (47, 'Leccion47', 'Contenido 47', 31, 1, 'quiz');
INSERT INTO lecciones (modulo_id, titulo, contenido, duracion_minutos, orden, tipo_contenido) VALUES (48, 'Leccion48', 'Contenido 48', 40, 1, 'tarea');
INSERT INTO lecciones (modulo_id, titulo, contenido, duracion_minutos, orden, tipo_contenido) VALUES (49, 'Leccion49', 'Contenido 49', 11, 1, 'video');
INSERT INTO lecciones (modulo_id, titulo, contenido, duracion_minutos, orden, tipo_contenido) VALUES (50, 'Leccion50', 'Contenido 50', 27, 1, 'quiz');
INSERT INTO lecciones (modulo_id, titulo, contenido, duracion_minutos, orden, tipo_contenido) VALUES (51, 'Leccion51', 'Contenido 51', 10, 1, 'lectura');
INSERT INTO lecciones (modulo_id, titulo, contenido, duracion_minutos, orden, tipo_contenido) VALUES (52, 'Leccion52', 'Contenido 52', 37, 1, 'quiz');
INSERT INTO lecciones (modulo_id, titulo, contenido, duracion_minutos, orden, tipo_contenido) VALUES (53, 'Leccion53', 'Contenido 53', 53, 1, 'quiz');
INSERT INTO lecciones (modulo_id, titulo, contenido, duracion_minutos, orden, tipo_contenido) VALUES (54, 'Leccion54', 'Contenido 54', 16, 1, 'video');
INSERT INTO lecciones (modulo_id, titulo, contenido, duracion_minutos, orden, tipo_contenido) VALUES (55, 'Leccion55', 'Contenido 55', 43, 1, 'tarea');
INSERT INTO lecciones (modulo_id, titulo, contenido, duracion_minutos, orden, tipo_contenido) VALUES (56, 'Leccion56', 'Contenido 56', 38, 1, 'video');
INSERT INTO lecciones (modulo_id, titulo, contenido, duracion_minutos, orden, tipo_contenido) VALUES (57, 'Leccion57', 'Contenido 57', 60, 1, 'quiz');
INSERT INTO lecciones (modulo_id, titulo, contenido, duracion_minutos, orden, tipo_contenido) VALUES (58, 'Leccion58', 'Contenido 58', 50, 1, 'quiz');
INSERT INTO lecciones (modulo_id, titulo, contenido, duracion_minutos, orden, tipo_contenido) VALUES (59, 'Leccion59', 'Contenido 59', 52, 1, 'video');
INSERT INTO lecciones (modulo_id, titulo, contenido, duracion_minutos, orden, tipo_contenido) VALUES (60, 'Leccion60', 'Contenido 60', 33, 1, 'quiz');
INSERT INTO lecciones (modulo_id, titulo, contenido, duracion_minutos, orden, tipo_contenido) VALUES (61, 'Leccion61', 'Contenido 61', 42, 1, 'tarea');
INSERT INTO lecciones (modulo_id, titulo, contenido, duracion_minutos, orden, tipo_contenido) VALUES (62, 'Leccion62', 'Contenido 62', 13, 1, 'video');
INSERT INTO lecciones (modulo_id, titulo, contenido, duracion_minutos, orden, tipo_contenido) VALUES (63, 'Leccion63', 'Contenido 63', 20, 1, 'quiz');
INSERT INTO lecciones (modulo_id, titulo, contenido, duracion_minutos, orden, tipo_contenido) VALUES (64, 'Leccion64', 'Contenido 64', 52, 1, 'tarea');
INSERT INTO lecciones (modulo_id, titulo, contenido, duracion_minutos, orden, tipo_contenido) VALUES (65, 'Leccion65', 'Contenido 65', 27, 1, 'video');
INSERT INTO lecciones (modulo_id, titulo, contenido, duracion_minutos, orden, tipo_contenido) VALUES (66, 'Leccion66', 'Contenido 66', 38, 1, 'lectura');
INSERT INTO lecciones (modulo_id, titulo, contenido, duracion_minutos, orden, tipo_contenido) VALUES (67, 'Leccion67', 'Contenido 67', 16, 1, 'tarea');
INSERT INTO lecciones (modulo_id, titulo, contenido, duracion_minutos, orden, tipo_contenido) VALUES (68, 'Leccion68', 'Contenido 68', 49, 1, 'quiz');
INSERT INTO lecciones (modulo_id, titulo, contenido, duracion_minutos, orden, tipo_contenido) VALUES (69, 'Leccion69', 'Contenido 69', 30, 1, 'video');
INSERT INTO lecciones (modulo_id, titulo, contenido, duracion_minutos, orden, tipo_contenido) VALUES (70, 'Leccion70', 'Contenido 70', 29, 1, 'quiz');
INSERT INTO lecciones (modulo_id, titulo, contenido, duracion_minutos, orden, tipo_contenido) VALUES (71, 'Leccion71', 'Contenido 71', 12, 1, 'tarea');
INSERT INTO lecciones (modulo_id, titulo, contenido, duracion_minutos, orden, tipo_contenido) VALUES (72, 'Leccion72', 'Contenido 72', 56, 1, 'tarea');
INSERT INTO lecciones (modulo_id, titulo, contenido, duracion_minutos, orden, tipo_contenido) VALUES (73, 'Leccion73', 'Contenido 73', 50, 1, 'video');
INSERT INTO lecciones (modulo_id, titulo, contenido, duracion_minutos, orden, tipo_contenido) VALUES (74, 'Leccion74', 'Contenido 74', 46, 1, 'quiz');
INSERT INTO lecciones (modulo_id, titulo, contenido, duracion_minutos, orden, tipo_contenido) VALUES (75, 'Leccion75', 'Contenido 75', 55, 1, 'lectura');
INSERT INTO lecciones (modulo_id, titulo, contenido, duracion_minutos, orden, tipo_contenido) VALUES (76, 'Leccion76', 'Contenido 76', 44, 1, 'tarea');
INSERT INTO lecciones (modulo_id, titulo, contenido, duracion_minutos, orden, tipo_contenido) VALUES (77, 'Leccion77', 'Contenido 77', 24, 1, 'quiz');
INSERT INTO lecciones (modulo_id, titulo, contenido, duracion_minutos, orden, tipo_contenido) VALUES (78, 'Leccion78', 'Contenido 78', 28, 1, 'video');
INSERT INTO lecciones (modulo_id, titulo, contenido, duracion_minutos, orden, tipo_contenido) VALUES (79, 'Leccion79', 'Contenido 79', 16, 1, 'quiz');
INSERT INTO lecciones (modulo_id, titulo, contenido, duracion_minutos, orden, tipo_contenido) VALUES (80, 'Leccion80', 'Contenido 80', 13, 1, 'video');
INSERT INTO lecciones (modulo_id, titulo, contenido, duracion_minutos, orden, tipo_contenido) VALUES (81, 'Leccion81', 'Contenido 81', 42, 1, 'quiz');
INSERT INTO lecciones (modulo_id, titulo, contenido, duracion_minutos, orden, tipo_contenido) VALUES (82, 'Leccion82', 'Contenido 82', 51, 1, 'video');
INSERT INTO lecciones (modulo_id, titulo, contenido, duracion_minutos, orden, tipo_contenido) VALUES (83, 'Leccion83', 'Contenido 83', 15, 1, 'lectura');
INSERT INTO lecciones (modulo_id, titulo, contenido, duracion_minutos, orden, tipo_contenido) VALUES (84, 'Leccion84', 'Contenido 84', 49, 1, 'video');
INSERT INTO lecciones (modulo_id, titulo, contenido, duracion_minutos, orden, tipo_contenido) VALUES (85, 'Leccion85', 'Contenido 85', 25, 1, 'video');
INSERT INTO lecciones (modulo_id, titulo, contenido, duracion_minutos, orden, tipo_contenido) VALUES (86, 'Leccion86', 'Contenido 86', 24, 1, 'quiz');
INSERT INTO lecciones (modulo_id, titulo, contenido, duracion_minutos, orden, tipo_contenido) VALUES (87, 'Leccion87', 'Contenido 87', 19, 1, 'quiz');
INSERT INTO lecciones (modulo_id, titulo, contenido, duracion_minutos, orden, tipo_contenido) VALUES (88, 'Leccion88', 'Contenido 88', 53, 1, 'lectura');
INSERT INTO lecciones (modulo_id, titulo, contenido, duracion_minutos, orden, tipo_contenido) VALUES (89, 'Leccion89', 'Contenido 89', 39, 1, 'video');
INSERT INTO lecciones (modulo_id, titulo, contenido, duracion_minutos, orden, tipo_contenido) VALUES (90, 'Leccion90', 'Contenido 90', 44, 1, 'video');
INSERT INTO lecciones (modulo_id, titulo, contenido, duracion_minutos, orden, tipo_contenido) VALUES (91, 'Leccion91', 'Contenido 91', 50, 1, 'lectura');
INSERT INTO lecciones (modulo_id, titulo, contenido, duracion_minutos, orden, tipo_contenido) VALUES (92, 'Leccion92', 'Contenido 92', 47, 1, 'quiz');
INSERT INTO lecciones (modulo_id, titulo, contenido, duracion_minutos, orden, tipo_contenido) VALUES (93, 'Leccion93', 'Contenido 93', 44, 1, 'tarea');
INSERT INTO lecciones (modulo_id, titulo, contenido, duracion_minutos, orden, tipo_contenido) VALUES (94, 'Leccion94', 'Contenido 94', 29, 1, 'video');
INSERT INTO lecciones (modulo_id, titulo, contenido, duracion_minutos, orden, tipo_contenido) VALUES (95, 'Leccion95', 'Contenido 95', 10, 1, 'lectura');
INSERT INTO lecciones (modulo_id, titulo, contenido, duracion_minutos, orden, tipo_contenido) VALUES (96, 'Leccion96', 'Contenido 96', 25, 1, 'video');
INSERT INTO lecciones (modulo_id, titulo, contenido, duracion_minutos, orden, tipo_contenido) VALUES (97, 'Leccion97', 'Contenido 97', 16, 1, 'quiz');
INSERT INTO lecciones (modulo_id, titulo, contenido, duracion_minutos, orden, tipo_contenido) VALUES (98, 'Leccion98', 'Contenido 98', 22, 1, 'tarea');
INSERT INTO lecciones (modulo_id, titulo, contenido, duracion_minutos, orden, tipo_contenido) VALUES (99, 'Leccion99', 'Contenido 99', 33, 1, 'video');
INSERT INTO lecciones (modulo_id, titulo, contenido, duracion_minutos, orden, tipo_contenido) VALUES (100, 'Leccion100', 'Contenido 100', 45, 1, 'tarea');

INSERT INTO inscripciones (estudiante_id, curso_id, fecha_inscripcion, progreso_porcentaje, estado, calificacion_final) VALUES (1, 1, NOW(), 74, 'en_progreso', NULL);
INSERT INTO inscripciones (estudiante_id, curso_id, fecha_inscripcion, progreso_porcentaje, estado, calificacion_final) VALUES (2, 2, NOW(), 83, 'completado', 8.3);
INSERT INTO inscripciones (estudiante_id, curso_id, fecha_inscripcion, progreso_porcentaje, estado, calificacion_final) VALUES (3, 3, NOW(), 61, 'en_progreso', NULL);
INSERT INTO inscripciones (estudiante_id, curso_id, fecha_inscripcion, progreso_porcentaje, estado, calificacion_final) VALUES (4, 4, NOW(), 31, 'en_progreso', NULL);
INSERT INTO inscripciones (estudiante_id, curso_id, fecha_inscripcion, progreso_porcentaje, estado, calificacion_final) VALUES (5, 5, NOW(), 39, 'en_progreso', NULL);
INSERT INTO inscripciones (estudiante_id, curso_id, fecha_inscripcion, progreso_porcentaje, estado, calificacion_final) VALUES (6, 6, NOW(), 96, 'completado', 5.7);
INSERT INTO inscripciones (estudiante_id, curso_id, fecha_inscripcion, progreso_porcentaje, estado, calificacion_final) VALUES (7, 7, NOW(), 15, 'en_progreso', NULL);
INSERT INTO inscripciones (estudiante_id, curso_id, fecha_inscripcion, progreso_porcentaje, estado, calificacion_final) VALUES (8, 8, NOW(), 96, 'completado', 6.4);
INSERT INTO inscripciones (estudiante_id, curso_id, fecha_inscripcion, progreso_porcentaje, estado, calificacion_final) VALUES (9, 9, NOW(), 56, 'en_progreso', NULL);
INSERT INTO inscripciones (estudiante_id, curso_id, fecha_inscripcion, progreso_porcentaje, estado, calificacion_final) VALUES (10, 10, NOW(), 75, 'en_progreso', NULL);
INSERT INTO inscripciones (estudiante_id, curso_id, fecha_inscripcion, progreso_porcentaje, estado, calificacion_final) VALUES (11, 11, NOW(), 19, 'en_progreso', NULL);
INSERT INTO inscripciones (estudiante_id, curso_id, fecha_inscripcion, progreso_porcentaje, estado, calificacion_final) VALUES (12, 12, NOW(), 18, 'en_progreso', NULL);
INSERT INTO inscripciones (estudiante_id, curso_id, fecha_inscripcion, progreso_porcentaje, estado, calificacion_final) VALUES (13, 13, NOW(), 21, 'en_progreso', NULL);
INSERT INTO inscripciones (estudiante_id, curso_id, fecha_inscripcion, progreso_porcentaje, estado, calificacion_final) VALUES (14, 14, NOW(), 9, 'abandonado', NULL);
INSERT INTO inscripciones (estudiante_id, curso_id, fecha_inscripcion, progreso_porcentaje, estado, calificacion_final) VALUES (15, 15, NOW(), 29, 'en_progreso', NULL);
INSERT INTO inscripciones (estudiante_id, curso_id, fecha_inscripcion, progreso_porcentaje, estado, calificacion_final) VALUES (16, 16, NOW(), 46, 'en_progreso', NULL);
INSERT INTO inscripciones (estudiante_id, curso_id, fecha_inscripcion, progreso_porcentaje, estado, calificacion_final) VALUES (17, 17, NOW(), 41, 'en_progreso', NULL);
INSERT INTO inscripciones (estudiante_id, curso_id, fecha_inscripcion, progreso_porcentaje, estado, calificacion_final) VALUES (18, 18, NOW(), 77, 'en_progreso', NULL);
INSERT INTO inscripciones (estudiante_id, curso_id, fecha_inscripcion, progreso_porcentaje, estado, calificacion_final) VALUES (19, 19, NOW(), 76, 'en_progreso', NULL);
INSERT INTO inscripciones (estudiante_id, curso_id, fecha_inscripcion, progreso_porcentaje, estado, calificacion_final) VALUES (20, 20, NOW(), 20, 'en_progreso', NULL);
INSERT INTO inscripciones (estudiante_id, curso_id, fecha_inscripcion, progreso_porcentaje, estado, calificacion_final) VALUES (21, 21, NOW(), 30, 'en_progreso', NULL);
INSERT INTO inscripciones (estudiante_id, curso_id, fecha_inscripcion, progreso_porcentaje, estado, calificacion_final) VALUES (22, 22, NOW(), 2, 'pendiente', NULL);
INSERT INTO inscripciones (estudiante_id, curso_id, fecha_inscripcion, progreso_porcentaje, estado, calificacion_final) VALUES (23, 23, NOW(), 51, 'en_progreso', NULL);
INSERT INTO inscripciones (estudiante_id, curso_id, fecha_inscripcion, progreso_porcentaje, estado, calificacion_final) VALUES (24, 24, NOW(), 3, 'abandonado', NULL);
INSERT INTO inscripciones (estudiante_id, curso_id, fecha_inscripcion, progreso_porcentaje, estado, calificacion_final) VALUES (25, 25, NOW(), 25, 'en_progreso', NULL);
INSERT INTO inscripciones (estudiante_id, curso_id, fecha_inscripcion, progreso_porcentaje, estado, calificacion_final) VALUES (26, 26, NOW(), 9, 'abandonado', NULL);
INSERT INTO inscripciones (estudiante_id, curso_id, fecha_inscripcion, progreso_porcentaje, estado, calificacion_final) VALUES (27, 27, NOW(), 13, 'en_progreso', NULL);
INSERT INTO inscripciones (estudiante_id, curso_id, fecha_inscripcion, progreso_porcentaje, estado, calificacion_final) VALUES (28, 28, NOW(), 43, 'en_progreso', NULL);
INSERT INTO inscripciones (estudiante_id, curso_id, fecha_inscripcion, progreso_porcentaje, estado, calificacion_final) VALUES (29, 29, NOW(), 73, 'en_progreso', NULL);
INSERT INTO inscripciones (estudiante_id, curso_id, fecha_inscripcion, progreso_porcentaje, estado, calificacion_final) VALUES (30, 30, NOW(), 29, 'en_progreso', NULL);
INSERT INTO inscripciones (estudiante_id, curso_id, fecha_inscripcion, progreso_porcentaje, estado, calificacion_final) VALUES (31, 31, NOW(), 76, 'en_progreso', NULL);
INSERT INTO inscripciones (estudiante_id, curso_id, fecha_inscripcion, progreso_porcentaje, estado, calificacion_final) VALUES (32, 32, NOW(), 31, 'en_progreso', NULL);
INSERT INTO inscripciones (estudiante_id, curso_id, fecha_inscripcion, progreso_porcentaje, estado, calificacion_final) VALUES (33, 33, NOW(), 98, 'completado', 5.6);
INSERT INTO inscripciones (estudiante_id, curso_id, fecha_inscripcion, progreso_porcentaje, estado, calificacion_final) VALUES (34, 34, NOW(), 5, 'abandonado', NULL);
INSERT INTO inscripciones (estudiante_id, curso_id, fecha_inscripcion, progreso_porcentaje, estado, calificacion_final) VALUES (35, 35, NOW(), 50, 'en_progreso', NULL);
INSERT INTO inscripciones (estudiante_id, curso_id, fecha_inscripcion, progreso_porcentaje, estado, calificacion_final) VALUES (36, 36, NOW(), 49, 'en_progreso', NULL);
INSERT INTO inscripciones (estudiante_id, curso_id, fecha_inscripcion, progreso_porcentaje, estado, calificacion_final) VALUES (37, 37, NOW(), 3, 'pendiente', NULL);
INSERT INTO inscripciones (estudiante_id, curso_id, fecha_inscripcion, progreso_porcentaje, estado, calificacion_final) VALUES (38, 38, NOW(), 97, 'completado', 9.9);
INSERT INTO inscripciones (estudiante_id, curso_id, fecha_inscripcion, progreso_porcentaje, estado, calificacion_final) VALUES (39, 39, NOW(), 35, 'en_progreso', NULL);
INSERT INTO inscripciones (estudiante_id, curso_id, fecha_inscripcion, progreso_porcentaje, estado, calificacion_final) VALUES (40, 40, NOW(), 32, 'en_progreso', NULL);
INSERT INTO inscripciones (estudiante_id, curso_id, fecha_inscripcion, progreso_porcentaje, estado, calificacion_final) VALUES (41, 41, NOW(), 77, 'en_progreso', NULL);
INSERT INTO inscripciones (estudiante_id, curso_id, fecha_inscripcion, progreso_porcentaje, estado, calificacion_final) VALUES (42, 42, NOW(), 36, 'en_progreso', NULL);
INSERT INTO inscripciones (estudiante_id, curso_id, fecha_inscripcion, progreso_porcentaje, estado, calificacion_final) VALUES (43, 43, NOW(), 53, 'en_progreso', NULL);
INSERT INTO inscripciones (estudiante_id, curso_id, fecha_inscripcion, progreso_porcentaje, estado, calificacion_final) VALUES (44, 44, NOW(), 72, 'en_progreso', NULL);
INSERT INTO inscripciones (estudiante_id, curso_id, fecha_inscripcion, progreso_porcentaje, estado, calificacion_final) VALUES (45, 45, NOW(), 66, 'en_progreso', NULL);
INSERT INTO inscripciones (estudiante_id, curso_id, fecha_inscripcion, progreso_porcentaje, estado, calificacion_final) VALUES (46, 46, NOW(), 75, 'en_progreso', NULL);
INSERT INTO inscripciones (estudiante_id, curso_id, fecha_inscripcion, progreso_porcentaje, estado, calificacion_final) VALUES (47, 47, NOW(), 60, 'en_progreso', NULL);
INSERT INTO inscripciones (estudiante_id, curso_id, fecha_inscripcion, progreso_porcentaje, estado, calificacion_final) VALUES (48, 48, NOW(), 80, 'en_progreso', NULL);
INSERT INTO inscripciones (estudiante_id, curso_id, fecha_inscripcion, progreso_porcentaje, estado, calificacion_final) VALUES (49, 49, NOW(), 37, 'en_progreso', NULL);
INSERT INTO inscripciones (estudiante_id, curso_id, fecha_inscripcion, progreso_porcentaje, estado, calificacion_final) VALUES (50, 50, NOW(), 16, 'en_progreso', NULL);
INSERT INTO inscripciones (estudiante_id, curso_id, fecha_inscripcion, progreso_porcentaje, estado, calificacion_final) VALUES (51, 51, NOW(), 49, 'en_progreso', NULL);
INSERT INTO inscripciones (estudiante_id, curso_id, fecha_inscripcion, progreso_porcentaje, estado, calificacion_final) VALUES (52, 52, NOW(), 78, 'en_progreso', NULL);
INSERT INTO inscripciones (estudiante_id, curso_id, fecha_inscripcion, progreso_porcentaje, estado, calificacion_final) VALUES (53, 53, NOW(), 83, 'completado', 9.0);
INSERT INTO inscripciones (estudiante_id, curso_id, fecha_inscripcion, progreso_porcentaje, estado, calificacion_final) VALUES (54, 54, NOW(), 21, 'en_progreso', NULL);
INSERT INTO inscripciones (estudiante_id, curso_id, fecha_inscripcion, progreso_porcentaje, estado, calificacion_final) VALUES (55, 55, NOW(), 19, 'en_progreso', NULL);
INSERT INTO inscripciones (estudiante_id, curso_id, fecha_inscripcion, progreso_porcentaje, estado, calificacion_final) VALUES (56, 56, NOW(), 17, 'en_progreso', NULL);
INSERT INTO inscripciones (estudiante_id, curso_id, fecha_inscripcion, progreso_porcentaje, estado, calificacion_final) VALUES (57, 57, NOW(), 44, 'en_progreso', NULL);
INSERT INTO inscripciones (estudiante_id, curso_id, fecha_inscripcion, progreso_porcentaje, estado, calificacion_final) VALUES (58, 58, NOW(), 51, 'en_progreso', NULL);
INSERT INTO inscripciones (estudiante_id, curso_id, fecha_inscripcion, progreso_porcentaje, estado, calificacion_final) VALUES (59, 59, NOW(), 23, 'en_progreso', NULL);
INSERT INTO inscripciones (estudiante_id, curso_id, fecha_inscripcion, progreso_porcentaje, estado, calificacion_final) VALUES (60, 60, NOW(), 34, 'en_progreso', NULL);
INSERT INTO inscripciones (estudiante_id, curso_id, fecha_inscripcion, progreso_porcentaje, estado, calificacion_final) VALUES (61, 61, NOW(), 8, 'pendiente', NULL);
INSERT INTO inscripciones (estudiante_id, curso_id, fecha_inscripcion, progreso_porcentaje, estado, calificacion_final) VALUES (62, 62, NOW(), 72, 'en_progreso', NULL);
INSERT INTO inscripciones (estudiante_id, curso_id, fecha_inscripcion, progreso_porcentaje, estado, calificacion_final) VALUES (63, 63, NOW(), 83, 'completado', 8.8);
INSERT INTO inscripciones (estudiante_id, curso_id, fecha_inscripcion, progreso_porcentaje, estado, calificacion_final) VALUES (64, 64, NOW(), 21, 'en_progreso', NULL);
INSERT INTO inscripciones (estudiante_id, curso_id, fecha_inscripcion, progreso_porcentaje, estado, calificacion_final) VALUES (65, 65, NOW(), 48, 'en_progreso', NULL);
INSERT INTO inscripciones (estudiante_id, curso_id, fecha_inscripcion, progreso_porcentaje, estado, calificacion_final) VALUES (66, 66, NOW(), 63, 'en_progreso', NULL);
INSERT INTO inscripciones (estudiante_id, curso_id, fecha_inscripcion, progreso_porcentaje, estado, calificacion_final) VALUES (67, 67, NOW(), 21, 'en_progreso', NULL);
INSERT INTO inscripciones (estudiante_id, curso_id, fecha_inscripcion, progreso_porcentaje, estado, calificacion_final) VALUES (68, 68, NOW(), 23, 'en_progreso', NULL);
INSERT INTO inscripciones (estudiante_id, curso_id, fecha_inscripcion, progreso_porcentaje, estado, calificacion_final) VALUES (69, 69, NOW(), 44, 'en_progreso', NULL);
INSERT INTO inscripciones (estudiante_id, curso_id, fecha_inscripcion, progreso_porcentaje, estado, calificacion_final) VALUES (70, 70, NOW(), 36, 'en_progreso', NULL);
INSERT INTO inscripciones (estudiante_id, curso_id, fecha_inscripcion, progreso_porcentaje, estado, calificacion_final) VALUES (71, 71, NOW(), 51, 'en_progreso', NULL);
INSERT INTO inscripciones (estudiante_id, curso_id, fecha_inscripcion, progreso_porcentaje, estado, calificacion_final) VALUES (72, 72, NOW(), 54, 'en_progreso', NULL);
INSERT INTO inscripciones (estudiante_id, curso_id, fecha_inscripcion, progreso_porcentaje, estado, calificacion_final) VALUES (73, 73, NOW(), 16, 'en_progreso', NULL);
INSERT INTO inscripciones (estudiante_id, curso_id, fecha_inscripcion, progreso_porcentaje, estado, calificacion_final) VALUES (74, 74, NOW(), 48, 'en_progreso', NULL);
INSERT INTO inscripciones (estudiante_id, curso_id, fecha_inscripcion, progreso_porcentaje, estado, calificacion_final) VALUES (75, 75, NOW(), 70, 'en_progreso', NULL);
INSERT INTO inscripciones (estudiante_id, curso_id, fecha_inscripcion, progreso_porcentaje, estado, calificacion_final) VALUES (76, 76, NOW(), 69, 'en_progreso', NULL);
INSERT INTO inscripciones (estudiante_id, curso_id, fecha_inscripcion, progreso_porcentaje, estado, calificacion_final) VALUES (77, 77, NOW(), 88, 'completado', 7.7);
INSERT INTO inscripciones (estudiante_id, curso_id, fecha_inscripcion, progreso_porcentaje, estado, calificacion_final) VALUES (78, 78, NOW(), 89, 'en_progreso', NULL);
INSERT INTO inscripciones (estudiante_id, curso_id, fecha_inscripcion, progreso_porcentaje, estado, calificacion_final) VALUES (79, 79, NOW(), 76, 'en_progreso', NULL);
INSERT INTO inscripciones (estudiante_id, curso_id, fecha_inscripcion, progreso_porcentaje, estado, calificacion_final) VALUES (80, 80, NOW(), 57, 'en_progreso', NULL);
INSERT INTO inscripciones (estudiante_id, curso_id, fecha_inscripcion, progreso_porcentaje, estado, calificacion_final) VALUES (81, 81, NOW(), 60, 'en_progreso', NULL);
INSERT INTO inscripciones (estudiante_id, curso_id, fecha_inscripcion, progreso_porcentaje, estado, calificacion_final) VALUES (82, 82, NOW(), 77, 'en_progreso', NULL);
INSERT INTO inscripciones (estudiante_id, curso_id, fecha_inscripcion, progreso_porcentaje, estado, calificacion_final) VALUES (83, 83, NOW(), 81, 'completado', 6.8);
INSERT INTO inscripciones (estudiante_id, curso_id, fecha_inscripcion, progreso_porcentaje, estado, calificacion_final) VALUES (84, 84, NOW(), 17, 'en_progreso', NULL);
INSERT INTO inscripciones (estudiante_id, curso_id, fecha_inscripcion, progreso_porcentaje, estado, calificacion_final) VALUES (85, 85, NOW(), 39, 'en_progreso', NULL);
INSERT INTO inscripciones (estudiante_id, curso_id, fecha_inscripcion, progreso_porcentaje, estado, calificacion_final) VALUES (86, 86, NOW(), 25, 'en_progreso', NULL);
INSERT INTO inscripciones (estudiante_id, curso_id, fecha_inscripcion, progreso_porcentaje, estado, calificacion_final) VALUES (87, 87, NOW(), 44, 'en_progreso', NULL);
INSERT INTO inscripciones (estudiante_id, curso_id, fecha_inscripcion, progreso_porcentaje, estado, calificacion_final) VALUES (88, 88, NOW(), 76, 'en_progreso', NULL);
INSERT INTO inscripciones (estudiante_id, curso_id, fecha_inscripcion, progreso_porcentaje, estado, calificacion_final) VALUES (89, 89, NOW(), 58, 'en_progreso', NULL);
INSERT INTO inscripciones (estudiante_id, curso_id, fecha_inscripcion, progreso_porcentaje, estado, calificacion_final) VALUES (90, 90, NOW(), 34, 'en_progreso', NULL);
INSERT INTO inscripciones (estudiante_id, curso_id, fecha_inscripcion, progreso_porcentaje, estado, calificacion_final) VALUES (91, 91, NOW(), 89, 'en_progreso', NULL);
INSERT INTO inscripciones (estudiante_id, curso_id, fecha_inscripcion, progreso_porcentaje, estado, calificacion_final) VALUES (92, 92, NOW(), 58, 'en_progreso', NULL);
INSERT INTO inscripciones (estudiante_id, curso_id, fecha_inscripcion, progreso_porcentaje, estado, calificacion_final) VALUES (93, 93, NOW(), 47, 'en_progreso', NULL);
INSERT INTO inscripciones (estudiante_id, curso_id, fecha_inscripcion, progreso_porcentaje, estado, calificacion_final) VALUES (94, 94, NOW(), 84, 'en_progreso', NULL);
INSERT INTO inscripciones (estudiante_id, curso_id, fecha_inscripcion, progreso_porcentaje, estado, calificacion_final) VALUES (95, 95, NOW(), 50, 'en_progreso', NULL);
INSERT INTO inscripciones (estudiante_id, curso_id, fecha_inscripcion, progreso_porcentaje, estado, calificacion_final) VALUES (96, 96, NOW(), 14, 'en_progreso', NULL);
INSERT INTO inscripciones (estudiante_id, curso_id, fecha_inscripcion, progreso_porcentaje, estado, calificacion_final) VALUES (97, 97, NOW(), 7, 'abandonado', NULL);
INSERT INTO inscripciones (estudiante_id, curso_id, fecha_inscripcion, progreso_porcentaje, estado, calificacion_final) VALUES (98, 98, NOW(), 38, 'en_progreso', NULL);
INSERT INTO inscripciones (estudiante_id, curso_id, fecha_inscripcion, progreso_porcentaje, estado, calificacion_final) VALUES (99, 99, NOW(), 45, 'en_progreso', NULL);
INSERT INTO inscripciones (estudiante_id, curso_id, fecha_inscripcion, progreso_porcentaje, estado, calificacion_final) VALUES (100, 100, NOW(), 35, 'en_progreso', NULL);

INSERT INTO evaluaciones (curso_id, instructor_id, titulo, descripcion, tipo_evaluacion, puntaje_maximo, fecha_limite) VALUES (1, 1, 'Eval1', 'Descripcion eval 1', 'proyecto', 80, CURRENT_DATE + INTERVAL '7 days');
INSERT INTO evaluaciones (curso_id, instructor_id, titulo, descripcion, tipo_evaluacion, puntaje_maximo, fecha_limite) VALUES (2, 2, 'Eval2', 'Descripcion eval 2', 'examen', 56, CURRENT_DATE + INTERVAL '7 days');
INSERT INTO evaluaciones (curso_id, instructor_id, titulo, descripcion, tipo_evaluacion, puntaje_maximo, fecha_limite) VALUES (3, 3, 'Eval3', 'Descripcion eval 3', 'tarea', 31, CURRENT_DATE + INTERVAL '7 days');
INSERT INTO evaluaciones (curso_id, instructor_id, titulo, descripcion, tipo_evaluacion, puntaje_maximo, fecha_limite) VALUES (4, 4, 'Eval4', 'Descripcion eval 4', 'examen', 25, CURRENT_DATE + INTERVAL '7 days');
INSERT INTO evaluaciones (curso_id, instructor_id, titulo, descripcion, tipo_evaluacion, puntaje_maximo, fecha_limite) VALUES (5, 5, 'Eval5', 'Descripcion eval 5', 'tarea', 35, CURRENT_DATE + INTERVAL '7 days');
INSERT INTO evaluaciones (curso_id, instructor_id, titulo, descripcion, tipo_evaluacion, puntaje_maximo, fecha_limite) VALUES (6, 6, 'Eval6', 'Descripcion eval 6', 'quiz', 19, CURRENT_DATE + INTERVAL '7 days');
INSERT INTO evaluaciones (curso_id, instructor_id, titulo, descripcion, tipo_evaluacion, puntaje_maximo, fecha_limite) VALUES (7, 7, 'Eval7', 'Descripcion eval 7', 'examen', 73, CURRENT_DATE + INTERVAL '7 days');
INSERT INTO evaluaciones (curso_id, instructor_id, titulo, descripcion, tipo_evaluacion, puntaje_maximo, fecha_limite) VALUES (8, 8, 'Eval8', 'Descripcion eval 8', 'proyecto', 63, CURRENT_DATE + INTERVAL '7 days');
INSERT INTO evaluaciones (curso_id, instructor_id, titulo, descripcion, tipo_evaluacion, puntaje_maximo, fecha_limite) VALUES (9, 9, 'Eval9', 'Descripcion eval 9', 'examen', 30, CURRENT_DATE + INTERVAL '7 days');
INSERT INTO evaluaciones (curso_id, instructor_id, titulo, descripcion, tipo_evaluacion, puntaje_maximo, fecha_limite) VALUES (10, 10, 'Eval10', 'Descripcion eval 10', 'examen', 36, CURRENT_DATE + INTERVAL '7 days');
INSERT INTO evaluaciones (curso_id, instructor_id, titulo, descripcion, tipo_evaluacion, puntaje_maximo, fecha_limite) VALUES (11, 11, 'Eval11', 'Descripcion eval 11', 'examen', 52, CURRENT_DATE + INTERVAL '7 days');
INSERT INTO evaluaciones (curso_id, instructor_id, titulo, descripcion, tipo_evaluacion, puntaje_maximo, fecha_limite) VALUES (12, 12, 'Eval12', 'Descripcion eval 12', 'examen', 56, CURRENT_DATE + INTERVAL '7 days');
INSERT INTO evaluaciones (curso_id, instructor_id, titulo, descripcion, tipo_evaluacion, puntaje_maximo, fecha_limite) VALUES (13, 13, 'Eval13', 'Descripcion eval 13', 'quiz', 16, CURRENT_DATE + INTERVAL '7 days');
INSERT INTO evaluaciones (curso_id, instructor_id, titulo, descripcion, tipo_evaluacion, puntaje_maximo, fecha_limite) VALUES (14, 14, 'Eval14', 'Descripcion eval 14', 'tarea', 37, CURRENT_DATE + INTERVAL '7 days');
INSERT INTO evaluaciones (curso_id, instructor_id, titulo, descripcion, tipo_evaluacion, puntaje_maximo, fecha_limite) VALUES (15, 15, 'Eval15', 'Descripcion eval 15', 'tarea', 29, CURRENT_DATE + INTERVAL '7 days');
INSERT INTO evaluaciones (curso_id, instructor_id, titulo, descripcion, tipo_evaluacion, puntaje_maximo, fecha_limite) VALUES (16, 16, 'Eval16', 'Descripcion eval 16', 'proyecto', 55, CURRENT_DATE + INTERVAL '7 days');
INSERT INTO evaluaciones (curso_id, instructor_id, titulo, descripcion, tipo_evaluacion, puntaje_maximo, fecha_limite) VALUES (17, 17, 'Eval17', 'Descripcion eval 17', 'quiz', 55, CURRENT_DATE + INTERVAL '7 days');
INSERT INTO evaluaciones (curso_id, instructor_id, titulo, descripcion, tipo_evaluacion, puntaje_maximo, fecha_limite) VALUES (18, 18, 'Eval18', 'Descripcion eval 18', 'proyecto', 60, CURRENT_DATE + INTERVAL '7 days');
INSERT INTO evaluaciones (curso_id, instructor_id, titulo, descripcion, tipo_evaluacion, puntaje_maximo, fecha_limite) VALUES (19, 19, 'Eval19', 'Descripcion eval 19', 'tarea', 70, CURRENT_DATE + INTERVAL '7 days');
INSERT INTO evaluaciones (curso_id, instructor_id, titulo, descripcion, tipo_evaluacion, puntaje_maximo, fecha_limite) VALUES (20, 20, 'Eval20', 'Descripcion eval 20', 'proyecto', 52, CURRENT_DATE + INTERVAL '7 days');
INSERT INTO evaluaciones (curso_id, instructor_id, titulo, descripcion, tipo_evaluacion, puntaje_maximo, fecha_limite) VALUES (21, 21, 'Eval21', 'Descripcion eval 21', 'examen', 62, CURRENT_DATE + INTERVAL '7 days');
INSERT INTO evaluaciones (curso_id, instructor_id, titulo, descripcion, tipo_evaluacion, puntaje_maximo, fecha_limite) VALUES (22, 22, 'Eval22', 'Descripcion eval 22', 'tarea', 51, CURRENT_DATE + INTERVAL '7 days');
INSERT INTO evaluaciones (curso_id, instructor_id, titulo, descripcion, tipo_evaluacion, puntaje_maximo, fecha_limite) VALUES (23, 23, 'Eval23', 'Descripcion eval 23', 'proyecto', 22, CURRENT_DATE + INTERVAL '7 days');
INSERT INTO evaluaciones (curso_id, instructor_id, titulo, descripcion, tipo_evaluacion, puntaje_maximo, fecha_limite) VALUES (24, 24, 'Eval24', 'Descripcion eval 24', 'quiz', 50, CURRENT_DATE + INTERVAL '7 days');
INSERT INTO evaluaciones (curso_id, instructor_id, titulo, descripcion, tipo_evaluacion, puntaje_maximo, fecha_limite) VALUES (25, 25, 'Eval25', 'Descripcion eval 25', 'tarea', 51, CURRENT_DATE + INTERVAL '7 days');
INSERT INTO evaluaciones (curso_id, instructor_id, titulo, descripcion, tipo_evaluacion, puntaje_maximo, fecha_limite) VALUES (26, 26, 'Eval26', 'Descripcion eval 26', 'tarea', 35, CURRENT_DATE + INTERVAL '7 days');
INSERT INTO evaluaciones (curso_id, instructor_id, titulo, descripcion, tipo_evaluacion, puntaje_maximo, fecha_limite) VALUES (27, 27, 'Eval27', 'Descripcion eval 27', 'tarea', 13, CURRENT_DATE + INTERVAL '7 days');
INSERT INTO evaluaciones (curso_id, instructor_id, titulo, descripcion, tipo_evaluacion, puntaje_maximo, fecha_limite) VALUES (28, 28, 'Eval28', 'Descripcion eval 28', 'proyecto', 31, CURRENT_DATE + INTERVAL '7 days');
INSERT INTO evaluaciones (curso_id, instructor_id, titulo, descripcion, tipo_evaluacion, puntaje_maximo, fecha_limite) VALUES (29, 29, 'Eval29', 'Descripcion eval 29', 'proyecto', 16, CURRENT_DATE + INTERVAL '7 days');
INSERT INTO evaluaciones (curso_id, instructor_id, titulo, descripcion, tipo_evaluacion, puntaje_maximo, fecha_limite) VALUES (30, 30, 'Eval30', 'Descripcion eval 30', 'examen', 47, CURRENT_DATE + INTERVAL '7 days');
INSERT INTO evaluaciones (curso_id, instructor_id, titulo, descripcion, tipo_evaluacion, puntaje_maximo, fecha_limite) VALUES (31, 31, 'Eval31', 'Descripcion eval 31', 'tarea', 71, CURRENT_DATE + INTERVAL '7 days');
INSERT INTO evaluaciones (curso_id, instructor_id, titulo, descripcion, tipo_evaluacion, puntaje_maximo, fecha_limite) VALUES (32, 32, 'Eval32', 'Descripcion eval 32', 'tarea', 47, CURRENT_DATE + INTERVAL '7 days');
INSERT INTO evaluaciones (curso_id, instructor_id, titulo, descripcion, tipo_evaluacion, puntaje_maximo, fecha_limite) VALUES (33, 33, 'Eval33', 'Descripcion eval 33', 'examen', 11, CURRENT_DATE + INTERVAL '7 days');
INSERT INTO evaluaciones (curso_id, instructor_id, titulo, descripcion, tipo_evaluacion, puntaje_maximo, fecha_limite) VALUES (34, 34, 'Eval34', 'Descripcion eval 34', 'quiz', 84, CURRENT_DATE + INTERVAL '7 days');
INSERT INTO evaluaciones (curso_id, instructor_id, titulo, descripcion, tipo_evaluacion, puntaje_maximo, fecha_limite) VALUES (35, 35, 'Eval35', 'Descripcion eval 35', 'examen', 75, CURRENT_DATE + INTERVAL '7 days');
INSERT INTO evaluaciones (curso_id, instructor_id, titulo, descripcion, tipo_evaluacion, puntaje_maximo, fecha_limite) VALUES (36, 36, 'Eval36', 'Descripcion eval 36', 'tarea', 26, CURRENT_DATE + INTERVAL '7 days');
INSERT INTO evaluaciones (curso_id, instructor_id, titulo, descripcion, tipo_evaluacion, puntaje_maximo, fecha_limite) VALUES (37, 37, 'Eval37', 'Descripcion eval 37', 'tarea', 59, CURRENT_DATE + INTERVAL '7 days');
INSERT INTO evaluaciones (curso_id, instructor_id, titulo, descripcion, tipo_evaluacion, puntaje_maximo, fecha_limite) VALUES (38, 38, 'Eval38', 'Descripcion eval 38', 'examen', 92, CURRENT_DATE + INTERVAL '7 days');
INSERT INTO evaluaciones (curso_id, instructor_id, titulo, descripcion, tipo_evaluacion, puntaje_maximo, fecha_limite) VALUES (39, 39, 'Eval39', 'Descripcion eval 39', 'tarea', 10, CURRENT_DATE + INTERVAL '7 days');
INSERT INTO evaluaciones (curso_id, instructor_id, titulo, descripcion, tipo_evaluacion, puntaje_maximo, fecha_limite) VALUES (40, 40, 'Eval40', 'Descripcion eval 40', 'examen', 56, CURRENT_DATE + INTERVAL '7 days');
INSERT INTO evaluaciones (curso_id, instructor_id, titulo, descripcion, tipo_evaluacion, puntaje_maximo, fecha_limite) VALUES (41, 41, 'Eval41', 'Descripcion eval 41', 'quiz', 89, CURRENT_DATE + INTERVAL '7 days');
INSERT INTO evaluaciones (curso_id, instructor_id, titulo, descripcion, tipo_evaluacion, puntaje_maximo, fecha_limite) VALUES (42, 42, 'Eval42', 'Descripcion eval 42', 'examen', 46, CURRENT_DATE + INTERVAL '7 days');
INSERT INTO evaluaciones (curso_id, instructor_id, titulo, descripcion, tipo_evaluacion, puntaje_maximo, fecha_limite) VALUES (43, 43, 'Eval43', 'Descripcion eval 43', 'examen', 51, CURRENT_DATE + INTERVAL '7 days');
INSERT INTO evaluaciones (curso_id, instructor_id, titulo, descripcion, tipo_evaluacion, puntaje_maximo, fecha_limite) VALUES (44, 44, 'Eval44', 'Descripcion eval 44', 'quiz', 80, CURRENT_DATE + INTERVAL '7 days');
INSERT INTO evaluaciones (curso_id, instructor_id, titulo, descripcion, tipo_evaluacion, puntaje_maximo, fecha_limite) VALUES (45, 45, 'Eval45', 'Descripcion eval 45', 'quiz', 19, CURRENT_DATE + INTERVAL '7 days');
INSERT INTO evaluaciones (curso_id, instructor_id, titulo, descripcion, tipo_evaluacion, puntaje_maximo, fecha_limite) VALUES (46, 46, 'Eval46', 'Descripcion eval 46', 'quiz', 47, CURRENT_DATE + INTERVAL '7 days');
INSERT INTO evaluaciones (curso_id, instructor_id, titulo, descripcion, tipo_evaluacion, puntaje_maximo, fecha_limite) VALUES (47, 47, 'Eval47', 'Descripcion eval 47', 'examen', 15, CURRENT_DATE + INTERVAL '7 days');
INSERT INTO evaluaciones (curso_id, instructor_id, titulo, descripcion, tipo_evaluacion, puntaje_maximo, fecha_limite) VALUES (48, 48, 'Eval48', 'Descripcion eval 48', 'examen', 33, CURRENT_DATE + INTERVAL '7 days');
INSERT INTO evaluaciones (curso_id, instructor_id, titulo, descripcion, tipo_evaluacion, puntaje_maximo, fecha_limite) VALUES (49, 49, 'Eval49', 'Descripcion eval 49', 'quiz', 26, CURRENT_DATE + INTERVAL '7 days');
INSERT INTO evaluaciones (curso_id, instructor_id, titulo, descripcion, tipo_evaluacion, puntaje_maximo, fecha_limite) VALUES (50, 50, 'Eval50', 'Descripcion eval 50', 'quiz', 22, CURRENT_DATE + INTERVAL '7 days');
INSERT INTO evaluaciones (curso_id, instructor_id, titulo, descripcion, tipo_evaluacion, puntaje_maximo, fecha_limite) VALUES (51, 51, 'Eval51', 'Descripcion eval 51', 'quiz', 23, CURRENT_DATE + INTERVAL '7 days');
INSERT INTO evaluaciones (curso_id, instructor_id, titulo, descripcion, tipo_evaluacion, puntaje_maximo, fecha_limite) VALUES (52, 52, 'Eval52', 'Descripcion eval 52', 'quiz', 40, CURRENT_DATE + INTERVAL '7 days');
INSERT INTO evaluaciones (curso_id, instructor_id, titulo, descripcion, tipo_evaluacion, puntaje_maximo, fecha_limite) VALUES (53, 53, 'Eval53', 'Descripcion eval 53', 'quiz', 21, CURRENT_DATE + INTERVAL '7 days');
INSERT INTO evaluaciones (curso_id, instructor_id, titulo, descripcion, tipo_evaluacion, puntaje_maximo, fecha_limite) VALUES (54, 54, 'Eval54', 'Descripcion eval 54', 'proyecto', 53, CURRENT_DATE + INTERVAL '7 days');
INSERT INTO evaluaciones (curso_id, instructor_id, titulo, descripcion, tipo_evaluacion, puntaje_maximo, fecha_limite) VALUES (55, 55, 'Eval55', 'Descripcion eval 55', 'quiz', 52, CURRENT_DATE + INTERVAL '7 days');
INSERT INTO evaluaciones (curso_id, instructor_id, titulo, descripcion, tipo_evaluacion, puntaje_maximo, fecha_limite) VALUES (56, 56, 'Eval56', 'Descripcion eval 56', 'quiz', 79, CURRENT_DATE + INTERVAL '7 days');
INSERT INTO evaluaciones (curso_id, instructor_id, titulo, descripcion, tipo_evaluacion, puntaje_maximo, fecha_limite) VALUES (57, 57, 'Eval57', 'Descripcion eval 57', 'examen', 66, CURRENT_DATE + INTERVAL '7 days');
INSERT INTO evaluaciones (curso_id, instructor_id, titulo, descripcion, tipo_evaluacion, puntaje_maximo, fecha_limite) VALUES (58, 58, 'Eval58', 'Descripcion eval 58', 'tarea', 30, CURRENT_DATE + INTERVAL '7 days');
INSERT INTO evaluaciones (curso_id, instructor_id, titulo, descripcion, tipo_evaluacion, puntaje_maximo, fecha_limite) VALUES (59, 59, 'Eval59', 'Descripcion eval 59', 'tarea', 27, CURRENT_DATE + INTERVAL '7 days');
INSERT INTO evaluaciones (curso_id, instructor_id, titulo, descripcion, tipo_evaluacion, puntaje_maximo, fecha_limite) VALUES (60, 60, 'Eval60', 'Descripcion eval 60', 'tarea', 35, CURRENT_DATE + INTERVAL '7 days');
INSERT INTO evaluaciones (curso_id, instructor_id, titulo, descripcion, tipo_evaluacion, puntaje_maximo, fecha_limite) VALUES (61, 61, 'Eval61', 'Descripcion eval 61', 'quiz', 25, CURRENT_DATE + INTERVAL '7 days');
INSERT INTO evaluaciones (curso_id, instructor_id, titulo, descripcion, tipo_evaluacion, puntaje_maximo, fecha_limite) VALUES (62, 62, 'Eval62', 'Descripcion eval 62', 'proyecto', 18, CURRENT_DATE + INTERVAL '7 days');
INSERT INTO evaluaciones (curso_id, instructor_id, titulo, descripcion, tipo_evaluacion, puntaje_maximo, fecha_limite) VALUES (63, 63, 'Eval63', 'Descripcion eval 63', 'quiz', 17, CURRENT_DATE + INTERVAL '7 days');
INSERT INTO evaluaciones (curso_id, instructor_id, titulo, descripcion, tipo_evaluacion, puntaje_maximo, fecha_limite) VALUES (64, 64, 'Eval64', 'Descripcion eval 64', 'quiz', 30, CURRENT_DATE + INTERVAL '7 days');
INSERT INTO evaluaciones (curso_id, instructor_id, titulo, descripcion, tipo_evaluacion, puntaje_maximo, fecha_limite) VALUES (65, 65, 'Eval65', 'Descripcion eval 65', 'examen', 50, CURRENT_DATE + INTERVAL '7 days');
INSERT INTO evaluaciones (curso_id, instructor_id, titulo, descripcion, tipo_evaluacion, puntaje_maximo, fecha_limite) VALUES (66, 66, 'Eval66', 'Descripcion eval 66', 'quiz', 56, CURRENT_DATE + INTERVAL '7 days');
INSERT INTO evaluaciones (curso_id, instructor_id, titulo, descripcion, tipo_evaluacion, puntaje_maximo, fecha_limite) VALUES (67, 67, 'Eval67', 'Descripcion eval 67', 'quiz', 97, CURRENT_DATE + INTERVAL '7 days');
INSERT INTO evaluaciones (curso_id, instructor_id, titulo, descripcion, tipo_evaluacion, puntaje_maximo, fecha_limite) VALUES (68, 68, 'Eval68', 'Descripcion eval 68', 'quiz', 58, CURRENT_DATE + INTERVAL '7 days');
INSERT INTO evaluaciones (curso_id, instructor_id, titulo, descripcion, tipo_evaluacion, puntaje_maximo, fecha_limite) VALUES (69, 69, 'Eval69', 'Descripcion eval 69', 'tarea', 39, CURRENT_DATE + INTERVAL '7 days');
INSERT INTO evaluaciones (curso_id, instructor_id, titulo, descripcion, tipo_evaluacion, puntaje_maximo, fecha_limite) VALUES (70, 70, 'Eval70', 'Descripcion eval 70', 'examen', 42, CURRENT_DATE + INTERVAL '7 days');
INSERT INTO evaluaciones (curso_id, instructor_id, titulo, descripcion, tipo_evaluacion, puntaje_maximo, fecha_limite) VALUES (71, 71, 'Eval71', 'Descripcion eval 71', 'quiz', 38, CURRENT_DATE + INTERVAL '7 days');
INSERT INTO evaluaciones (curso_id, instructor_id, titulo, descripcion, tipo_evaluacion, puntaje_maximo, fecha_limite) VALUES (72, 72, 'Eval72', 'Descripcion eval 72', 'examen', 64, CURRENT_DATE + INTERVAL '7 days');
INSERT INTO evaluaciones (curso_id, instructor_id, titulo, descripcion, tipo_evaluacion, puntaje_maximo, fecha_limite) VALUES (73, 73, 'Eval73', 'Descripcion eval 73', 'proyecto', 30, CURRENT_DATE + INTERVAL '7 days');
INSERT INTO evaluaciones (curso_id, instructor_id, titulo, descripcion, tipo_evaluacion, puntaje_maximo, fecha_limite) VALUES (74, 74, 'Eval74', 'Descripcion eval 74', 'tarea', 54, CURRENT_DATE + INTERVAL '7 days');
INSERT INTO evaluaciones (curso_id, instructor_id, titulo, descripcion, tipo_evaluacion, puntaje_maximo, fecha_limite) VALUES (75, 75, 'Eval75', 'Descripcion eval 75', 'quiz', 95, CURRENT_DATE + INTERVAL '7 days');
INSERT INTO evaluaciones (curso_id, instructor_id, titulo, descripcion, tipo_evaluacion, puntaje_maximo, fecha_limite) VALUES (76, 76, 'Eval76', 'Descripcion eval 76', 'tarea', 25, CURRENT_DATE + INTERVAL '7 days');
INSERT INTO evaluaciones (curso_id, instructor_id, titulo, descripcion, tipo_evaluacion, puntaje_maximo, fecha_limite) VALUES (77, 77, 'Eval77', 'Descripcion eval 77', 'quiz', 54, CURRENT_DATE + INTERVAL '7 days');
INSERT INTO evaluaciones (curso_id, instructor_id, titulo, descripcion, tipo_evaluacion, puntaje_maximo, fecha_limite) VALUES (78, 78, 'Eval78', 'Descripcion eval 78', 'quiz', 41, CURRENT_DATE + INTERVAL '7 days');
INSERT INTO evaluaciones (curso_id, instructor_id, titulo, descripcion, tipo_evaluacion, puntaje_maximo, fecha_limite) VALUES (79, 79, 'Eval79', 'Descripcion eval 79', 'proyecto', 43, CURRENT_DATE + INTERVAL '7 days');
INSERT INTO evaluaciones (curso_id, instructor_id, titulo, descripcion, tipo_evaluacion, puntaje_maximo, fecha_limite) VALUES (80, 80, 'Eval80', 'Descripcion eval 80', 'examen', 74, CURRENT_DATE + INTERVAL '7 days');
INSERT INTO evaluaciones (curso_id, instructor_id, titulo, descripcion, tipo_evaluacion, puntaje_maximo, fecha_limite) VALUES (81, 81, 'Eval81', 'Descripcion eval 81', 'proyecto', 41, CURRENT_DATE + INTERVAL '7 days');
INSERT INTO evaluaciones (curso_id, instructor_id, titulo, descripcion, tipo_evaluacion, puntaje_maximo, fecha_limite) VALUES (82, 82, 'Eval82', 'Descripcion eval 82', 'examen', 60, CURRENT_DATE + INTERVAL '7 days');
INSERT INTO evaluaciones (curso_id, instructor_id, titulo, descripcion, tipo_evaluacion, puntaje_maximo, fecha_limite) VALUES (83, 83, 'Eval83', 'Descripcion eval 83', 'tarea', 24, CURRENT_DATE + INTERVAL '7 days');
INSERT INTO evaluaciones (curso_id, instructor_id, titulo, descripcion, tipo_evaluacion, puntaje_maximo, fecha_limite) VALUES (84, 84, 'Eval84', 'Descripcion eval 84', 'examen', 57, CURRENT_DATE + INTERVAL '7 days');
INSERT INTO evaluaciones (curso_id, instructor_id, titulo, descripcion, tipo_evaluacion, puntaje_maximo, fecha_limite) VALUES (85, 85, 'Eval85', 'Descripcion eval 85', 'quiz', 19, CURRENT_DATE + INTERVAL '7 days');
INSERT INTO evaluaciones (curso_id, instructor_id, titulo, descripcion, tipo_evaluacion, puntaje_maximo, fecha_limite) VALUES (86, 86, 'Eval86', 'Descripcion eval 86', 'quiz', 36, CURRENT_DATE + INTERVAL '7 days');
INSERT INTO evaluaciones (curso_id, instructor_id, titulo, descripcion, tipo_evaluacion, puntaje_maximo, fecha_limite) VALUES (87, 87, 'Eval87', 'Descripcion eval 87', 'quiz', 12, CURRENT_DATE + INTERVAL '7 days');
INSERT INTO evaluaciones (curso_id, instructor_id, titulo, descripcion, tipo_evaluacion, puntaje_maximo, fecha_limite) VALUES (88, 88, 'Eval88', 'Descripcion eval 88', 'quiz', 73, CURRENT_DATE + INTERVAL '7 days');
INSERT INTO evaluaciones (curso_id, instructor_id, titulo, descripcion, tipo_evaluacion, puntaje_maximo, fecha_limite) VALUES (89, 89, 'Eval89', 'Descripcion eval 89', 'proyecto', 73, CURRENT_DATE + INTERVAL '7 days');
INSERT INTO evaluaciones (curso_id, instructor_id, titulo, descripcion, tipo_evaluacion, puntaje_maximo, fecha_limite) VALUES (90, 90, 'Eval90', 'Descripcion eval 90', 'examen', 97, CURRENT_DATE + INTERVAL '7 days');
INSERT INTO evaluaciones (curso_id, instructor_id, titulo, descripcion, tipo_evaluacion, puntaje_maximo, fecha_limite) VALUES (91, 91, 'Eval91', 'Descripcion eval 91', 'quiz', 25, CURRENT_DATE + INTERVAL '7 days');
INSERT INTO evaluaciones (curso_id, instructor_id, titulo, descripcion, tipo_evaluacion, puntaje_maximo, fecha_limite) VALUES (92, 92, 'Eval92', 'Descripcion eval 92', 'quiz', 64, CURRENT_DATE + INTERVAL '7 days');
INSERT INTO evaluaciones (curso_id, instructor_id, titulo, descripcion, tipo_evaluacion, puntaje_maximo, fecha_limite) VALUES (93, 93, 'Eval93', 'Descripcion eval 93', 'quiz', 96, CURRENT_DATE + INTERVAL '7 days');
INSERT INTO evaluaciones (curso_id, instructor_id, titulo, descripcion, tipo_evaluacion, puntaje_maximo, fecha_limite) VALUES (94, 94, 'Eval94', 'Descripcion eval 94', 'proyecto', 52, CURRENT_DATE + INTERVAL '7 days');
INSERT INTO evaluaciones (curso_id, instructor_id, titulo, descripcion, tipo_evaluacion, puntaje_maximo, fecha_limite) VALUES (95, 95, 'Eval95', 'Descripcion eval 95', 'examen', 12, CURRENT_DATE + INTERVAL '7 days');
INSERT INTO evaluaciones (curso_id, instructor_id, titulo, descripcion, tipo_evaluacion, puntaje_maximo, fecha_limite) VALUES (96, 96, 'Eval96', 'Descripcion eval 96', 'quiz', 99, CURRENT_DATE + INTERVAL '7 days');
INSERT INTO evaluaciones (curso_id, instructor_id, titulo, descripcion, tipo_evaluacion, puntaje_maximo, fecha_limite) VALUES (97, 97, 'Eval97', 'Descripcion eval 97', 'tarea', 22, CURRENT_DATE + INTERVAL '7 days');
INSERT INTO evaluaciones (curso_id, instructor_id, titulo, descripcion, tipo_evaluacion, puntaje_maximo, fecha_limite) VALUES (98, 98, 'Eval98', 'Descripcion eval 98', 'examen', 46, CURRENT_DATE + INTERVAL '7 days');
INSERT INTO evaluaciones (curso_id, instructor_id, titulo, descripcion, tipo_evaluacion, puntaje_maximo, fecha_limite) VALUES (99, 99, 'Eval99', 'Descripcion eval 99', 'quiz', 68, CURRENT_DATE + INTERVAL '7 days');
INSERT INTO evaluaciones (curso_id, instructor_id, titulo, descripcion, tipo_evaluacion, puntaje_maximo, fecha_limite) VALUES (100, 100, 'Eval100', 'Descripcion eval 100', 'proyecto', 26, CURRENT_DATE + INTERVAL '7 days');

INSERT INTO resultados_evaluaciones (evaluacion_id, estudiante_id, puntaje_obtenido, fecha_realizacion) VALUES (1, 1, 36, NOW());
INSERT INTO resultados_evaluaciones (evaluacion_id, estudiante_id, puntaje_obtenido, fecha_realizacion) VALUES (2, 2, 53, NOW());
INSERT INTO resultados_evaluaciones (evaluacion_id, estudiante_id, puntaje_obtenido, fecha_realizacion) VALUES (3, 3, 9, NOW());
INSERT INTO resultados_evaluaciones (evaluacion_id, estudiante_id, puntaje_obtenido, fecha_realizacion) VALUES (4, 4, 58, NOW());
INSERT INTO resultados_evaluaciones (evaluacion_id, estudiante_id, puntaje_obtenido, fecha_realizacion) VALUES (5, 5, 35, NOW());
INSERT INTO resultados_evaluaciones (evaluacion_id, estudiante_id, puntaje_obtenido, fecha_realizacion) VALUES (6, 6, 86, NOW());
INSERT INTO resultados_evaluaciones (evaluacion_id, estudiante_id, puntaje_obtenido, fecha_realizacion) VALUES (7, 7, 41, NOW());
INSERT INTO resultados_evaluaciones (evaluacion_id, estudiante_id, puntaje_obtenido, fecha_realizacion) VALUES (8, 8, 39, NOW());
INSERT INTO resultados_evaluaciones (evaluacion_id, estudiante_id, puntaje_obtenido, fecha_realizacion) VALUES (9, 9, 24, NOW());
INSERT INTO resultados_evaluaciones (evaluacion_id, estudiante_id, puntaje_obtenido, fecha_realizacion) VALUES (10, 10, 45, NOW());
INSERT INTO resultados_evaluaciones (evaluacion_id, estudiante_id, puntaje_obtenido, fecha_realizacion) VALUES (11, 11, 36, NOW());
INSERT INTO resultados_evaluaciones (evaluacion_id, estudiante_id, puntaje_obtenido, fecha_realizacion) VALUES (12, 12, 46, NOW());
INSERT INTO resultados_evaluaciones (evaluacion_id, estudiante_id, puntaje_obtenido, fecha_realizacion) VALUES (13, 13, 20, NOW());
INSERT INTO resultados_evaluaciones (evaluacion_id, estudiante_id, puntaje_obtenido, fecha_realizacion) VALUES (14, 14, 49, NOW());
INSERT INTO resultados_evaluaciones (evaluacion_id, estudiante_id, puntaje_obtenido, fecha_realizacion) VALUES (15, 15, 88, NOW());
INSERT INTO resultados_evaluaciones (evaluacion_id, estudiante_id, puntaje_obtenido, fecha_realizacion) VALUES (16, 16, 86, NOW());
INSERT INTO resultados_evaluaciones (evaluacion_id, estudiante_id, puntaje_obtenido, fecha_realizacion) VALUES (17, 17, 53, NOW());
INSERT INTO resultados_evaluaciones (evaluacion_id, estudiante_id, puntaje_obtenido, fecha_realizacion) VALUES (18, 18, 63, NOW());
INSERT INTO resultados_evaluaciones (evaluacion_id, estudiante_id, puntaje_obtenido, fecha_realizacion) VALUES (19, 19, 46, NOW());
INSERT INTO resultados_evaluaciones (evaluacion_id, estudiante_id, puntaje_obtenido, fecha_realizacion) VALUES (20, 20, 5, NOW());
INSERT INTO resultados_evaluaciones (evaluacion_id, estudiante_id, puntaje_obtenido, fecha_realizacion) VALUES (21, 21, 95, NOW());
INSERT INTO resultados_evaluaciones (evaluacion_id, estudiante_id, puntaje_obtenido, fecha_realizacion) VALUES (22, 22, 39, NOW());
INSERT INTO resultados_evaluaciones (evaluacion_id, estudiante_id, puntaje_obtenido, fecha_realizacion) VALUES (23, 23, 61, NOW());
INSERT INTO resultados_evaluaciones (evaluacion_id, estudiante_id, puntaje_obtenido, fecha_realizacion) VALUES (24, 24, 27, NOW());
INSERT INTO resultados_evaluaciones (evaluacion_id, estudiante_id, puntaje_obtenido, fecha_realizacion) VALUES (25, 25, 95, NOW());
INSERT INTO resultados_evaluaciones (evaluacion_id, estudiante_id, puntaje_obtenido, fecha_realizacion) VALUES (26, 26, 99, NOW());
INSERT INTO resultados_evaluaciones (evaluacion_id, estudiante_id, puntaje_obtenido, fecha_realizacion) VALUES (27, 27, 16, NOW());
INSERT INTO resultados_evaluaciones (evaluacion_id, estudiante_id, puntaje_obtenido, fecha_realizacion) VALUES (28, 28, 71, NOW());
INSERT INTO resultados_evaluaciones (evaluacion_id, estudiante_id, puntaje_obtenido, fecha_realizacion) VALUES (29, 29, 90, NOW());
INSERT INTO resultados_evaluaciones (evaluacion_id, estudiante_id, puntaje_obtenido, fecha_realizacion) VALUES (30, 30, 68, NOW());
INSERT INTO resultados_evaluaciones (evaluacion_id, estudiante_id, puntaje_obtenido, fecha_realizacion) VALUES (31, 31, 75, NOW());
INSERT INTO resultados_evaluaciones (evaluacion_id, estudiante_id, puntaje_obtenido, fecha_realizacion) VALUES (32, 32, 21, NOW());
INSERT INTO resultados_evaluaciones (evaluacion_id, estudiante_id, puntaje_obtenido, fecha_realizacion) VALUES (33, 33, 14, NOW());
INSERT INTO resultados_evaluaciones (evaluacion_id, estudiante_id, puntaje_obtenido, fecha_realizacion) VALUES (34, 34, 98, NOW());
INSERT INTO resultados_evaluaciones (evaluacion_id, estudiante_id, puntaje_obtenido, fecha_realizacion) VALUES (35, 35, 14, NOW());
INSERT INTO resultados_evaluaciones (evaluacion_id, estudiante_id, puntaje_obtenido, fecha_realizacion) VALUES (36, 36, 27, NOW());
INSERT INTO resultados_evaluaciones (evaluacion_id, estudiante_id, puntaje_obtenido, fecha_realizacion) VALUES (37, 37, 55, NOW());
INSERT INTO resultados_evaluaciones (evaluacion_id, estudiante_id, puntaje_obtenido, fecha_realizacion) VALUES (38, 38, 38, NOW());
INSERT INTO resultados_evaluaciones (evaluacion_id, estudiante_id, puntaje_obtenido, fecha_realizacion) VALUES (39, 39, 51, NOW());
INSERT INTO resultados_evaluaciones (evaluacion_id, estudiante_id, puntaje_obtenido, fecha_realizacion) VALUES (40, 40, 30, NOW());
INSERT INTO resultados_evaluaciones (evaluacion_id, estudiante_id, puntaje_obtenido, fecha_realizacion) VALUES (41, 41, 14, NOW());
INSERT INTO resultados_evaluaciones (evaluacion_id, estudiante_id, puntaje_obtenido, fecha_realizacion) VALUES (42, 42, 85, NOW());
INSERT INTO resultados_evaluaciones (evaluacion_id, estudiante_id, puntaje_obtenido, fecha_realizacion) VALUES (43, 43, 92, NOW());
INSERT INTO resultados_evaluaciones (evaluacion_id, estudiante_id, puntaje_obtenido, fecha_realizacion) VALUES (44, 44, 68, NOW());
INSERT INTO resultados_evaluaciones (evaluacion_id, estudiante_id, puntaje_obtenido, fecha_realizacion) VALUES (45, 45, 76, NOW());
INSERT INTO resultados_evaluaciones (evaluacion_id, estudiante_id, puntaje_obtenido, fecha_realizacion) VALUES (46, 46, 18, NOW());
INSERT INTO resultados_evaluaciones (evaluacion_id, estudiante_id, puntaje_obtenido, fecha_realizacion) VALUES (47, 47, 32, NOW());
INSERT INTO resultados_evaluaciones (evaluacion_id, estudiante_id, puntaje_obtenido, fecha_realizacion) VALUES (48, 48, 15, NOW());
INSERT INTO resultados_evaluaciones (evaluacion_id, estudiante_id, puntaje_obtenido, fecha_realizacion) VALUES (49, 49, 95, NOW());
INSERT INTO resultados_evaluaciones (evaluacion_id, estudiante_id, puntaje_obtenido, fecha_realizacion) VALUES (50, 50, 49, NOW());
INSERT INTO resultados_evaluaciones (evaluacion_id, estudiante_id, puntaje_obtenido, fecha_realizacion) VALUES (51, 51, 83, NOW());
INSERT INTO resultados_evaluaciones (evaluacion_id, estudiante_id, puntaje_obtenido, fecha_realizacion) VALUES (52, 52, 32, NOW());
INSERT INTO resultados_evaluaciones (evaluacion_id, estudiante_id, puntaje_obtenido, fecha_realizacion) VALUES (53, 53, 3, NOW());
INSERT INTO resultados_evaluaciones (evaluacion_id, estudiante_id, puntaje_obtenido, fecha_realizacion) VALUES (54, 54, 68, NOW());
INSERT INTO resultados_evaluaciones (evaluacion_id, estudiante_id, puntaje_obtenido, fecha_realizacion) VALUES (55, 55, 33, NOW());
INSERT INTO resultados_evaluaciones (evaluacion_id, estudiante_id, puntaje_obtenido, fecha_realizacion) VALUES (56, 56, 67, NOW());
INSERT INTO resultados_evaluaciones (evaluacion_id, estudiante_id, puntaje_obtenido, fecha_realizacion) VALUES (57, 57, 13, NOW());
INSERT INTO resultados_evaluaciones (evaluacion_id, estudiante_id, puntaje_obtenido, fecha_realizacion) VALUES (58, 58, 80, NOW());
INSERT INTO resultados_evaluaciones (evaluacion_id, estudiante_id, puntaje_obtenido, fecha_realizacion) VALUES (59, 59, 77, NOW());
INSERT INTO resultados_evaluaciones (evaluacion_id, estudiante_id, puntaje_obtenido, fecha_realizacion) VALUES (60, 60, 80, NOW());
INSERT INTO resultados_evaluaciones (evaluacion_id, estudiante_id, puntaje_obtenido, fecha_realizacion) VALUES (61, 61, 52, NOW());
INSERT INTO resultados_evaluaciones (evaluacion_id, estudiante_id, puntaje_obtenido, fecha_realizacion) VALUES (62, 62, 6, NOW());
INSERT INTO resultados_evaluaciones (evaluacion_id, estudiante_id, puntaje_obtenido, fecha_realizacion) VALUES (63, 63, 66, NOW());
INSERT INTO resultados_evaluaciones (evaluacion_id, estudiante_id, puntaje_obtenido, fecha_realizacion) VALUES (64, 64, 17, NOW());
INSERT INTO resultados_evaluaciones (evaluacion_id, estudiante_id, puntaje_obtenido, fecha_realizacion) VALUES (65, 65, 26, NOW());
INSERT INTO resultados_evaluaciones (evaluacion_id, estudiante_id, puntaje_obtenido, fecha_realizacion) VALUES (66, 66, 62, NOW());
INSERT INTO resultados_evaluaciones (evaluacion_id, estudiante_id, puntaje_obtenido, fecha_realizacion) VALUES (67, 67, 80, NOW());
INSERT INTO resultados_evaluaciones (evaluacion_id, estudiante_id, puntaje_obtenido, fecha_realizacion) VALUES (68, 68, 30, NOW());
INSERT INTO resultados_evaluaciones (evaluacion_id, estudiante_id, puntaje_obtenido, fecha_realizacion) VALUES (69, 69, 55, NOW());
INSERT INTO resultados_evaluaciones (evaluacion_id, estudiante_id, puntaje_obtenido, fecha_realizacion) VALUES (70, 70, 37, NOW());
INSERT INTO resultados_evaluaciones (evaluacion_id, estudiante_id, puntaje_obtenido, fecha_realizacion) VALUES (71, 71, 18, NOW());
INSERT INTO resultados_evaluaciones (evaluacion_id, estudiante_id, puntaje_obtenido, fecha_realizacion) VALUES (72, 72, 24, NOW());
INSERT INTO resultados_evaluaciones (evaluacion_id, estudiante_id, puntaje_obtenido, fecha_realizacion) VALUES (73, 73, 49, NOW());
INSERT INTO resultados_evaluaciones (evaluacion_id, estudiante_id, puntaje_obtenido, fecha_realizacion) VALUES (74, 74, 17, NOW());
INSERT INTO resultados_evaluaciones (evaluacion_id, estudiante_id, puntaje_obtenido, fecha_realizacion) VALUES (75, 75, 87, NOW());
INSERT INTO resultados_evaluaciones (evaluacion_id, estudiante_id, puntaje_obtenido, fecha_realizacion) VALUES (76, 76, 47, NOW());
INSERT INTO resultados_evaluaciones (evaluacion_id, estudiante_id, puntaje_obtenido, fecha_realizacion) VALUES (77, 77, 83, NOW());
INSERT INTO resultados_evaluaciones (evaluacion_id, estudiante_id, puntaje_obtenido, fecha_realizacion) VALUES (78, 78, 10, NOW());
INSERT INTO resultados_evaluaciones (evaluacion_id, estudiante_id, puntaje_obtenido, fecha_realizacion) VALUES (79, 79, 14, NOW());
INSERT INTO resultados_evaluaciones (evaluacion_id, estudiante_id, puntaje_obtenido, fecha_realizacion) VALUES (80, 80, 15, NOW());
INSERT INTO resultados_evaluaciones (evaluacion_id, estudiante_id, puntaje_obtenido, fecha_realizacion) VALUES (81, 81, 88, NOW());
INSERT INTO resultados_evaluaciones (evaluacion_id, estudiante_id, puntaje_obtenido, fecha_realizacion) VALUES (82, 82, 86, NOW());
INSERT INTO resultados_evaluaciones (evaluacion_id, estudiante_id, puntaje_obtenido, fecha_realizacion) VALUES (83, 83, 66, NOW());
INSERT INTO resultados_evaluaciones (evaluacion_id, estudiante_id, puntaje_obtenido, fecha_realizacion) VALUES (84, 84, 50, NOW());
INSERT INTO resultados_evaluaciones (evaluacion_id, estudiante_id, puntaje_obtenido, fecha_realizacion) VALUES (85, 85, 6, NOW());
INSERT INTO resultados_evaluaciones (evaluacion_id, estudiante_id, puntaje_obtenido, fecha_realizacion) VALUES (86, 86, 63, NOW());
INSERT INTO resultados_evaluaciones (evaluacion_id, estudiante_id, puntaje_obtenido, fecha_realizacion) VALUES (87, 87, 88, NOW());
INSERT INTO resultados_evaluaciones (evaluacion_id, estudiante_id, puntaje_obtenido, fecha_realizacion) VALUES (88, 88, 58, NOW());
INSERT INTO resultados_evaluaciones (evaluacion_id, estudiante_id, puntaje_obtenido, fecha_realizacion) VALUES (89, 89, 22, NOW());
INSERT INTO resultados_evaluaciones (evaluacion_id, estudiante_id, puntaje_obtenido, fecha_realizacion) VALUES (90, 90, 31, NOW());
INSERT INTO resultados_evaluaciones (evaluacion_id, estudiante_id, puntaje_obtenido, fecha_realizacion) VALUES (91, 91, 62, NOW());
INSERT INTO resultados_evaluaciones (evaluacion_id, estudiante_id, puntaje_obtenido, fecha_realizacion) VALUES (92, 92, 65, NOW());
INSERT INTO resultados_evaluaciones (evaluacion_id, estudiante_id, puntaje_obtenido, fecha_realizacion) VALUES (93, 93, 96, NOW());
INSERT INTO resultados_evaluaciones (evaluacion_id, estudiante_id, puntaje_obtenido, fecha_realizacion) VALUES (94, 94, 68, NOW());
INSERT INTO resultados_evaluaciones (evaluacion_id, estudiante_id, puntaje_obtenido, fecha_realizacion) VALUES (95, 95, 36, NOW());
INSERT INTO resultados_evaluaciones (evaluacion_id, estudiante_id, puntaje_obtenido, fecha_realizacion) VALUES (96, 96, 8, NOW());
INSERT INTO resultados_evaluaciones (evaluacion_id, estudiante_id, puntaje_obtenido, fecha_realizacion) VALUES (97, 97, 84, NOW());
INSERT INTO resultados_evaluaciones (evaluacion_id, estudiante_id, puntaje_obtenido, fecha_realizacion) VALUES (98, 98, 3, NOW());
INSERT INTO resultados_evaluaciones (evaluacion_id, estudiante_id, puntaje_obtenido, fecha_realizacion) VALUES (99, 99, 70, NOW());
INSERT INTO resultados_evaluaciones (evaluacion_id, estudiante_id, puntaje_obtenido, fecha_realizacion) VALUES (100, 100, 70, NOW());

INSERT INTO progreso_lecciones (inscripcion_id, leccion_id, estado_completado, tiempo_dedicado) VALUES (1, 1, FALSE, 103);
INSERT INTO progreso_lecciones (inscripcion_id, leccion_id, estado_completado, tiempo_dedicado) VALUES (2, 2, FALSE, 45);
INSERT INTO progreso_lecciones (inscripcion_id, leccion_id, estado_completado, tiempo_dedicado) VALUES (3, 3, FALSE, 115);
INSERT INTO progreso_lecciones (inscripcion_id, leccion_id, estado_completado, tiempo_dedicado) VALUES (4, 4, FALSE, 29);
INSERT INTO progreso_lecciones (inscripcion_id, leccion_id, estado_completado, tiempo_dedicado) VALUES (5, 5, FALSE, 5);
INSERT INTO progreso_lecciones (inscripcion_id, leccion_id, estado_completado, tiempo_dedicado) VALUES (6, 6, FALSE, 22);
INSERT INTO progreso_lecciones (inscripcion_id, leccion_id, estado_completado, tiempo_dedicado) VALUES (7, 7, FALSE, 87);
INSERT INTO progreso_lecciones (inscripcion_id, leccion_id, estado_completado, tiempo_dedicado) VALUES (8, 8, FALSE, 1);
INSERT INTO progreso_lecciones (inscripcion_id, leccion_id, estado_completado, tiempo_dedicado) VALUES (9, 9, FALSE, 109);
INSERT INTO progreso_lecciones (inscripcion_id, leccion_id, estado_completado, tiempo_dedicado) VALUES (10, 10, FALSE, 13);
INSERT INTO progreso_lecciones (inscripcion_id, leccion_id, estado_completado, tiempo_dedicado) VALUES (11, 11, FALSE, 19);
INSERT INTO progreso_lecciones (inscripcion_id, leccion_id, estado_completado, tiempo_dedicado) VALUES (12, 12, FALSE, 95);
INSERT INTO progreso_lecciones (inscripcion_id, leccion_id, estado_completado, tiempo_dedicado) VALUES (13, 13, FALSE, 74);
INSERT INTO progreso_lecciones (inscripcion_id, leccion_id, estado_completado, tiempo_dedicado) VALUES (14, 14, FALSE, 23);
INSERT INTO progreso_lecciones (inscripcion_id, leccion_id, estado_completado, tiempo_dedicado) VALUES (15, 15, FALSE, 79);
INSERT INTO progreso_lecciones (inscripcion_id, leccion_id, estado_completado, tiempo_dedicado) VALUES (16, 16, FALSE, 1);
INSERT INTO progreso_lecciones (inscripcion_id, leccion_id, estado_completado, tiempo_dedicado) VALUES (17, 17, FALSE, 62);
INSERT INTO progreso_lecciones (inscripcion_id, leccion_id, estado_completado, tiempo_dedicado) VALUES (18, 18, FALSE, 40);
INSERT INTO progreso_lecciones (inscripcion_id, leccion_id, estado_completado, tiempo_dedicado) VALUES (19, 19, FALSE, 31);
INSERT INTO progreso_lecciones (inscripcion_id, leccion_id, estado_completado, tiempo_dedicado) VALUES (20, 20, FALSE, 22);
INSERT INTO progreso_lecciones (inscripcion_id, leccion_id, estado_completado, tiempo_dedicado) VALUES (21, 21, FALSE, 110);
INSERT INTO progreso_lecciones (inscripcion_id, leccion_id, estado_completado, tiempo_dedicado) VALUES (22, 22, FALSE, 52);
INSERT INTO progreso_lecciones (inscripcion_id, leccion_id, estado_completado, tiempo_dedicado) VALUES (23, 23, FALSE, 16);
INSERT INTO progreso_lecciones (inscripcion_id, leccion_id, estado_completado, tiempo_dedicado) VALUES (24, 24, FALSE, 52);
INSERT INTO progreso_lecciones (inscripcion_id, leccion_id, estado_completado, tiempo_dedicado) VALUES (25, 25, FALSE, 53);
INSERT INTO progreso_lecciones (inscripcion_id, leccion_id, estado_completado, tiempo_dedicado) VALUES (26, 26, FALSE, 35);
INSERT INTO progreso_lecciones (inscripcion_id, leccion_id, estado_completado, tiempo_dedicado) VALUES (27, 27, FALSE, 96);
INSERT INTO progreso_lecciones (inscripcion_id, leccion_id, estado_completado, tiempo_dedicado) VALUES (28, 28, FALSE, 68);
INSERT INTO progreso_lecciones (inscripcion_id, leccion_id, estado_completado, tiempo_dedicado) VALUES (29, 29, FALSE, 22);
INSERT INTO progreso_lecciones (inscripcion_id, leccion_id, estado_completado, tiempo_dedicado) VALUES (30, 30, FALSE, 27);
INSERT INTO progreso_lecciones (inscripcion_id, leccion_id, estado_completado, tiempo_dedicado) VALUES (31, 31, FALSE, 7);
INSERT INTO progreso_lecciones (inscripcion_id, leccion_id, estado_completado, tiempo_dedicado) VALUES (32, 32, FALSE, 31);
INSERT INTO progreso_lecciones (inscripcion_id, leccion_id, estado_completado, tiempo_dedicado) VALUES (33, 33, FALSE, 31);
INSERT INTO progreso_lecciones (inscripcion_id, leccion_id, estado_completado, tiempo_dedicado) VALUES (34, 34, FALSE, 2);
INSERT INTO progreso_lecciones (inscripcion_id, leccion_id, estado_completado, tiempo_dedicado) VALUES (35, 35, FALSE, 41);
INSERT INTO progreso_lecciones (inscripcion_id, leccion_id, estado_completado, tiempo_dedicado) VALUES (36, 36, FALSE, 74);
INSERT INTO progreso_lecciones (inscripcion_id, leccion_id, estado_completado, tiempo_dedicado) VALUES (37, 37, FALSE, 89);
INSERT INTO progreso_lecciones (inscripcion_id, leccion_id, estado_completado, tiempo_dedicado) VALUES (38, 38, FALSE, 19);
INSERT INTO progreso_lecciones (inscripcion_id, leccion_id, estado_completado, tiempo_dedicado) VALUES (39, 39, FALSE, 98);
INSERT INTO progreso_lecciones (inscripcion_id, leccion_id, estado_completado, tiempo_dedicado) VALUES (40, 40, FALSE, 88);
INSERT INTO progreso_lecciones (inscripcion_id, leccion_id, estado_completado, tiempo_dedicado) VALUES (41, 41, FALSE, 63);
INSERT INTO progreso_lecciones (inscripcion_id, leccion_id, estado_completado, tiempo_dedicado) VALUES (42, 42, FALSE, 83);
INSERT INTO progreso_lecciones (inscripcion_id, leccion_id, estado_completado, tiempo_dedicado) VALUES (43, 43, FALSE, 105);
INSERT INTO progreso_lecciones (inscripcion_id, leccion_id, estado_completado, tiempo_dedicado) VALUES (44, 44, FALSE, 93);
INSERT INTO progreso_lecciones (inscripcion_id, leccion_id, estado_completado, tiempo_dedicado) VALUES (45, 45, FALSE, 30);
INSERT INTO progreso_lecciones (inscripcion_id, leccion_id, estado_completado, tiempo_dedicado) VALUES (46, 46, FALSE, 11);
INSERT INTO progreso_lecciones (inscripcion_id, leccion_id, estado_completado, tiempo_dedicado) VALUES (47, 47, FALSE, 96);
INSERT INTO progreso_lecciones (inscripcion_id, leccion_id, estado_completado, tiempo_dedicado) VALUES (48, 48, FALSE, 106);
INSERT INTO progreso_lecciones (inscripcion_id, leccion_id, estado_completado, tiempo_dedicado) VALUES (49, 49, FALSE, 9);
INSERT INTO progreso_lecciones (inscripcion_id, leccion_id, estado_completado, tiempo_dedicado) VALUES (50, 50, FALSE, 45);
INSERT INTO progreso_lecciones (inscripcion_id, leccion_id, estado_completado, tiempo_dedicado) VALUES (51, 51, FALSE, 82);
INSERT INTO progreso_lecciones (inscripcion_id, leccion_id, estado_completado, tiempo_dedicado) VALUES (52, 52, FALSE, 61);
INSERT INTO progreso_lecciones (inscripcion_id, leccion_id, estado_completado, tiempo_dedicado) VALUES (53, 53, FALSE, 81);
INSERT INTO progreso_lecciones (inscripcion_id, leccion_id, estado_completado, tiempo_dedicado) VALUES (54, 54, FALSE, 42);
INSERT INTO progreso_lecciones (inscripcion_id, leccion_id, estado_completado, tiempo_dedicado) VALUES (55, 55, FALSE, 11);
INSERT INTO progreso_lecciones (inscripcion_id, leccion_id, estado_completado, tiempo_dedicado) VALUES (56, 56, FALSE, 107);
INSERT INTO progreso_lecciones (inscripcion_id, leccion_id, estado_completado, tiempo_dedicado) VALUES (57, 57, FALSE, 26);
INSERT INTO progreso_lecciones (inscripcion_id, leccion_id, estado_completado, tiempo_dedicado) VALUES (58, 58, FALSE, 15);
INSERT INTO progreso_lecciones (inscripcion_id, leccion_id, estado_completado, tiempo_dedicado) VALUES (59, 59, FALSE, 29);
INSERT INTO progreso_lecciones (inscripcion_id, leccion_id, estado_completado, tiempo_dedicado) VALUES (60, 60, FALSE, 59);
INSERT INTO progreso_lecciones (inscripcion_id, leccion_id, estado_completado, tiempo_dedicado) VALUES (61, 61, FALSE, 10);
INSERT INTO progreso_lecciones (inscripcion_id, leccion_id, estado_completado, tiempo_dedicado) VALUES (62, 62, FALSE, 16);
INSERT INTO progreso_lecciones (inscripcion_id, leccion_id, estado_completado, tiempo_dedicado) VALUES (63, 63, FALSE, 41);
INSERT INTO progreso_lecciones (inscripcion_id, leccion_id, estado_completado, tiempo_dedicado) VALUES (64, 64, FALSE, 41);
INSERT INTO progreso_lecciones (inscripcion_id, leccion_id, estado_completado, tiempo_dedicado) VALUES (65, 65, FALSE, 17);
INSERT INTO progreso_lecciones (inscripcion_id, leccion_id, estado_completado, tiempo_dedicado) VALUES (66, 66, FALSE, 78);
INSERT INTO progreso_lecciones (inscripcion_id, leccion_id, estado_completado, tiempo_dedicado) VALUES (67, 67, FALSE, 19);
INSERT INTO progreso_lecciones (inscripcion_id, leccion_id, estado_completado, tiempo_dedicado) VALUES (68, 68, FALSE, 30);
INSERT INTO progreso_lecciones (inscripcion_id, leccion_id, estado_completado, tiempo_dedicado) VALUES (69, 69, FALSE, 9);
INSERT INTO progreso_lecciones (inscripcion_id, leccion_id, estado_completado, tiempo_dedicado) VALUES (70, 70, FALSE, 103);
INSERT INTO progreso_lecciones (inscripcion_id, leccion_id, estado_completado, tiempo_dedicado) VALUES (71, 71, FALSE, 21);
INSERT INTO progreso_lecciones (inscripcion_id, leccion_id, estado_completado, tiempo_dedicado) VALUES (72, 72, FALSE, 107);
INSERT INTO progreso_lecciones (inscripcion_id, leccion_id, estado_completado, tiempo_dedicado) VALUES (73, 73, FALSE, 12);
INSERT INTO progreso_lecciones (inscripcion_id, leccion_id, estado_completado, tiempo_dedicado) VALUES (74, 74, FALSE, 47);
INSERT INTO progreso_lecciones (inscripcion_id, leccion_id, estado_completado, tiempo_dedicado) VALUES (75, 75, FALSE, 21);
INSERT INTO progreso_lecciones (inscripcion_id, leccion_id, estado_completado, tiempo_dedicado) VALUES (76, 76, FALSE, 63);
INSERT INTO progreso_lecciones (inscripcion_id, leccion_id, estado_completado, tiempo_dedicado) VALUES (77, 77, FALSE, 17);
INSERT INTO progreso_lecciones (inscripcion_id, leccion_id, estado_completado, tiempo_dedicado) VALUES (78, 78, FALSE, 102);
INSERT INTO progreso_lecciones (inscripcion_id, leccion_id, estado_completado, tiempo_dedicado) VALUES (79, 79, FALSE, 89);
INSERT INTO progreso_lecciones (inscripcion_id, leccion_id, estado_completado, tiempo_dedicado) VALUES (80, 80, FALSE, 120);
INSERT INTO progreso_lecciones (inscripcion_id, leccion_id, estado_completado, tiempo_dedicado) VALUES (81, 81, FALSE, 9);
INSERT INTO progreso_lecciones (inscripcion_id, leccion_id, estado_completado, tiempo_dedicado) VALUES (82, 82, FALSE, 65);
INSERT INTO progreso_lecciones (inscripcion_id, leccion_id, estado_completado, tiempo_dedicado) VALUES (83, 83, FALSE, 49);
INSERT INTO progreso_lecciones (inscripcion_id, leccion_id, estado_completado, tiempo_dedicado) VALUES (84, 84, FALSE, 53);
INSERT INTO progreso_lecciones (inscripcion_id, leccion_id, estado_completado, tiempo_dedicado) VALUES (85, 85, FALSE, 111);
INSERT INTO progreso_lecciones (inscripcion_id, leccion_id, estado_completado, tiempo_dedicado) VALUES (86, 86, FALSE, 3);
INSERT INTO progreso_lecciones (inscripcion_id, leccion_id, estado_completado, tiempo_dedicado) VALUES (87, 87, FALSE, 33);
INSERT INTO progreso_lecciones (inscripcion_id, leccion_id, estado_completado, tiempo_dedicado) VALUES (88, 88, FALSE, 39);
INSERT INTO progreso_lecciones (inscripcion_id, leccion_id, estado_completado, tiempo_dedicado) VALUES (89, 89, FALSE, 104);
INSERT INTO progreso_lecciones (inscripcion_id, leccion_id, estado_completado, tiempo_dedicado) VALUES (90, 90, FALSE, 71);
INSERT INTO progreso_lecciones (inscripcion_id, leccion_id, estado_completado, tiempo_dedicado) VALUES (91, 91, FALSE, 30);
INSERT INTO progreso_lecciones (inscripcion_id, leccion_id, estado_completado, tiempo_dedicado) VALUES (92, 92, FALSE, 26);
INSERT INTO progreso_lecciones (inscripcion_id, leccion_id, estado_completado, tiempo_dedicado) VALUES (93, 93, FALSE, 113);
INSERT INTO progreso_lecciones (inscripcion_id, leccion_id, estado_completado, tiempo_dedicado) VALUES (94, 94, FALSE, 4);
INSERT INTO progreso_lecciones (inscripcion_id, leccion_id, estado_completado, tiempo_dedicado) VALUES (95, 95, FALSE, 107);
INSERT INTO progreso_lecciones (inscripcion_id, leccion_id, estado_completado, tiempo_dedicado) VALUES (96, 96, FALSE, 38);
INSERT INTO progreso_lecciones (inscripcion_id, leccion_id, estado_completado, tiempo_dedicado) VALUES (97, 97, FALSE, 62);
INSERT INTO progreso_lecciones (inscripcion_id, leccion_id, estado_completado, tiempo_dedicado) VALUES (98, 98, FALSE, 62);
INSERT INTO progreso_lecciones (inscripcion_id, leccion_id, estado_completado, tiempo_dedicado) VALUES (99, 99, FALSE, 64);
INSERT INTO progreso_lecciones (inscripcion_id, leccion_id, estado_completado, tiempo_dedicado) VALUES (100, 100, FALSE, 116);

INSERT INTO recursos_educativos (leccion_id, titulo, tipo_recurso, url) VALUES (1, 'Recurso1', 'lectura', 'http://example.com/1');
INSERT INTO recursos_educativos (leccion_id, titulo, tipo_recurso, url) VALUES (2, 'Recurso2', 'lectura', 'http://example.com/2');
INSERT INTO recursos_educativos (leccion_id, titulo, tipo_recurso, url) VALUES (3, 'Recurso3', 'lectura', 'http://example.com/3');
INSERT INTO recursos_educativos (leccion_id, titulo, tipo_recurso, url) VALUES (4, 'Recurso4', 'lectura', 'http://example.com/4');
INSERT INTO recursos_educativos (leccion_id, titulo, tipo_recurso, url) VALUES (5, 'Recurso5', 'lectura', 'http://example.com/5');
INSERT INTO recursos_educativos (leccion_id, titulo, tipo_recurso, url) VALUES (6, 'Recurso6', 'lectura', 'http://example.com/6');
INSERT INTO recursos_educativos (leccion_id, titulo, tipo_recurso, url) VALUES (7, 'Recurso7', 'lectura', 'http://example.com/7');
INSERT INTO recursos_educativos (leccion_id, titulo, tipo_recurso, url) VALUES (8, 'Recurso8', 'lectura', 'http://example.com/8');
INSERT INTO recursos_educativos (leccion_id, titulo, tipo_recurso, url) VALUES (9, 'Recurso9', 'lectura', 'http://example.com/9');
INSERT INTO recursos_educativos (leccion_id, titulo, tipo_recurso, url) VALUES (10, 'Recurso10', 'lectura', 'http://example.com/10');
INSERT INTO recursos_educativos (leccion_id, titulo, tipo_recurso, url) VALUES (11, 'Recurso11', 'lectura', 'http://example.com/11');
INSERT INTO recursos_educativos (leccion_id, titulo, tipo_recurso, url) VALUES (12, 'Recurso12', 'lectura', 'http://example.com/12');
INSERT INTO recursos_educativos (leccion_id, titulo, tipo_recurso, url) VALUES (13, 'Recurso13', 'lectura', 'http://example.com/13');
INSERT INTO recursos_educativos (leccion_id, titulo, tipo_recurso, url) VALUES (14, 'Recurso14', 'lectura', 'http://example.com/14');
INSERT INTO recursos_educativos (leccion_id, titulo, tipo_recurso, url) VALUES (15, 'Recurso15', 'lectura', 'http://example.com/15');
INSERT INTO recursos_educativos (leccion_id, titulo, tipo_recurso, url) VALUES (16, 'Recurso16', 'lectura', 'http://example.com/16');
INSERT INTO recursos_educativos (leccion_id, titulo, tipo_recurso, url) VALUES (17, 'Recurso17', 'lectura', 'http://example.com/17');
INSERT INTO recursos_educativos (leccion_id, titulo, tipo_recurso, url) VALUES (18, 'Recurso18', 'lectura', 'http://example.com/18');
INSERT INTO recursos_educativos (leccion_id, titulo, tipo_recurso, url) VALUES (19, 'Recurso19', 'lectura', 'http://example.com/19');
INSERT INTO recursos_educativos (leccion_id, titulo, tipo_recurso, url) VALUES (20, 'Recurso20', 'lectura', 'http://example.com/20');
INSERT INTO recursos_educativos (leccion_id, titulo, tipo_recurso, url) VALUES (21, 'Recurso21', 'lectura', 'http://example.com/21');
INSERT INTO recursos_educativos (leccion_id, titulo, tipo_recurso, url) VALUES (22, 'Recurso22', 'lectura', 'http://example.com/22');
INSERT INTO recursos_educativos (leccion_id, titulo, tipo_recurso, url) VALUES (23, 'Recurso23', 'lectura', 'http://example.com/23');
INSERT INTO recursos_educativos (leccion_id, titulo, tipo_recurso, url) VALUES (24, 'Recurso24', 'lectura', 'http://example.com/24');
INSERT INTO recursos_educativos (leccion_id, titulo, tipo_recurso, url) VALUES (25, 'Recurso25', 'lectura', 'http://example.com/25');
INSERT INTO recursos_educativos (leccion_id, titulo, tipo_recurso, url) VALUES (26, 'Recurso26', 'lectura', 'http://example.com/26');
INSERT INTO recursos_educativos (leccion_id, titulo, tipo_recurso, url) VALUES (27, 'Recurso27', 'lectura', 'http://example.com/27');
INSERT INTO recursos_educativos (leccion_id, titulo, tipo_recurso, url) VALUES (28, 'Recurso28', 'lectura', 'http://example.com/28');
INSERT INTO recursos_educativos (leccion_id, titulo, tipo_recurso, url) VALUES (29, 'Recurso29', 'lectura', 'http://example.com/29');
INSERT INTO recursos_educativos (leccion_id, titulo, tipo_recurso, url) VALUES (30, 'Recurso30', 'lectura', 'http://example.com/30');
INSERT INTO recursos_educativos (leccion_id, titulo, tipo_recurso, url) VALUES (31, 'Recurso31', 'lectura', 'http://example.com/31');
INSERT INTO recursos_educativos (leccion_id, titulo, tipo_recurso, url) VALUES (32, 'Recurso32', 'lectura', 'http://example.com/32');
INSERT INTO recursos_educativos (leccion_id, titulo, tipo_recurso, url) VALUES (33, 'Recurso33', 'lectura', 'http://example.com/33');
INSERT INTO recursos_educativos (leccion_id, titulo, tipo_recurso, url) VALUES (34, 'Recurso34', 'lectura', 'http://example.com/34');
INSERT INTO recursos_educativos (leccion_id, titulo, tipo_recurso, url) VALUES (35, 'Recurso35', 'lectura', 'http://example.com/35');
INSERT INTO recursos_educativos (leccion_id, titulo, tipo_recurso, url) VALUES (36, 'Recurso36', 'lectura', 'http://example.com/36');
INSERT INTO recursos_educativos (leccion_id, titulo, tipo_recurso, url) VALUES (37, 'Recurso37', 'lectura', 'http://example.com/37');
INSERT INTO recursos_educativos (leccion_id, titulo, tipo_recurso, url) VALUES (38, 'Recurso38', 'lectura', 'http://example.com/38');
INSERT INTO recursos_educativos (leccion_id, titulo, tipo_recurso, url) VALUES (39, 'Recurso39', 'lectura', 'http://example.com/39');
INSERT INTO recursos_educativos (leccion_id, titulo, tipo_recurso, url) VALUES (40, 'Recurso40', 'lectura', 'http://example.com/40');
INSERT INTO recursos_educativos (leccion_id, titulo, tipo_recurso, url) VALUES (41, 'Recurso41', 'lectura', 'http://example.com/41');
INSERT INTO recursos_educativos (leccion_id, titulo, tipo_recurso, url) VALUES (42, 'Recurso42', 'lectura', 'http://example.com/42');
INSERT INTO recursos_educativos (leccion_id, titulo, tipo_recurso, url) VALUES (43, 'Recurso43', 'lectura', 'http://example.com/43');
INSERT INTO recursos_educativos (leccion_id, titulo, tipo_recurso, url) VALUES (44, 'Recurso44', 'lectura', 'http://example.com/44');
INSERT INTO recursos_educativos (leccion_id, titulo, tipo_recurso, url) VALUES (45, 'Recurso45', 'lectura', 'http://example.com/45');
INSERT INTO recursos_educativos (leccion_id, titulo, tipo_recurso, url) VALUES (46, 'Recurso46', 'lectura', 'http://example.com/46');
INSERT INTO recursos_educativos (leccion_id, titulo, tipo_recurso, url) VALUES (47, 'Recurso47', 'lectura', 'http://example.com/47');
INSERT INTO recursos_educativos (leccion_id, titulo, tipo_recurso, url) VALUES (48, 'Recurso48', 'lectura', 'http://example.com/48');
INSERT INTO recursos_educativos (leccion_id, titulo, tipo_recurso, url) VALUES (49, 'Recurso49', 'lectura', 'http://example.com/49');
INSERT INTO recursos_educativos (leccion_id, titulo, tipo_recurso, url) VALUES (50, 'Recurso50', 'lectura', 'http://example.com/50');
INSERT INTO recursos_educativos (leccion_id, titulo, tipo_recurso, url) VALUES (51, 'Recurso51', 'lectura', 'http://example.com/51');
INSERT INTO recursos_educativos (leccion_id, titulo, tipo_recurso, url) VALUES (52, 'Recurso52', 'lectura', 'http://example.com/52');
INSERT INTO recursos_educativos (leccion_id, titulo, tipo_recurso, url) VALUES (53, 'Recurso53', 'lectura', 'http://example.com/53');
INSERT INTO recursos_educativos (leccion_id, titulo, tipo_recurso, url) VALUES (54, 'Recurso54', 'lectura', 'http://example.com/54');
INSERT INTO recursos_educativos (leccion_id, titulo, tipo_recurso, url) VALUES (55, 'Recurso55', 'lectura', 'http://example.com/55');
INSERT INTO recursos_educativos (leccion_id, titulo, tipo_recurso, url) VALUES (56, 'Recurso56', 'lectura', 'http://example.com/56');
INSERT INTO recursos_educativos (leccion_id, titulo, tipo_recurso, url) VALUES (57, 'Recurso57', 'lectura', 'http://example.com/57');
INSERT INTO recursos_educativos (leccion_id, titulo, tipo_recurso, url) VALUES (58, 'Recurso58', 'lectura', 'http://example.com/58');
INSERT INTO recursos_educativos (leccion_id, titulo, tipo_recurso, url) VALUES (59, 'Recurso59', 'lectura', 'http://example.com/59');
INSERT INTO recursos_educativos (leccion_id, titulo, tipo_recurso, url) VALUES (60, 'Recurso60', 'lectura', 'http://example.com/60');
INSERT INTO recursos_educativos (leccion_id, titulo, tipo_recurso, url) VALUES (61, 'Recurso61', 'lectura', 'http://example.com/61');
INSERT INTO recursos_educativos (leccion_id, titulo, tipo_recurso, url) VALUES (62, 'Recurso62', 'lectura', 'http://example.com/62');
INSERT INTO recursos_educativos (leccion_id, titulo, tipo_recurso, url) VALUES (63, 'Recurso63', 'lectura', 'http://example.com/63');
INSERT INTO recursos_educativos (leccion_id, titulo, tipo_recurso, url) VALUES (64, 'Recurso64', 'lectura', 'http://example.com/64');
INSERT INTO recursos_educativos (leccion_id, titulo, tipo_recurso, url) VALUES (65, 'Recurso65', 'lectura', 'http://example.com/65');
INSERT INTO recursos_educativos (leccion_id, titulo, tipo_recurso, url) VALUES (66, 'Recurso66', 'lectura', 'http://example.com/66');
INSERT INTO recursos_educativos (leccion_id, titulo, tipo_recurso, url) VALUES (67, 'Recurso67', 'lectura', 'http://example.com/67');
INSERT INTO recursos_educativos (leccion_id, titulo, tipo_recurso, url) VALUES (68, 'Recurso68', 'lectura', 'http://example.com/68');
INSERT INTO recursos_educativos (leccion_id, titulo, tipo_recurso, url) VALUES (69, 'Recurso69', 'lectura', 'http://example.com/69');
INSERT INTO recursos_educativos (leccion_id, titulo, tipo_recurso, url) VALUES (70, 'Recurso70', 'lectura', 'http://example.com/70');
INSERT INTO recursos_educativos (leccion_id, titulo, tipo_recurso, url) VALUES (71, 'Recurso71', 'lectura', 'http://example.com/71');
INSERT INTO recursos_educativos (leccion_id, titulo, tipo_recurso, url) VALUES (72, 'Recurso72', 'lectura', 'http://example.com/72');
INSERT INTO recursos_educativos (leccion_id, titulo, tipo_recurso, url) VALUES (73, 'Recurso73', 'lectura', 'http://example.com/73');
INSERT INTO recursos_educativos (leccion_id, titulo, tipo_recurso, url) VALUES (74, 'Recurso74', 'lectura', 'http://example.com/74');
INSERT INTO recursos_educativos (leccion_id, titulo, tipo_recurso, url) VALUES (75, 'Recurso75', 'lectura', 'http://example.com/75');
INSERT INTO recursos_educativos (leccion_id, titulo, tipo_recurso, url) VALUES (76, 'Recurso76', 'lectura', 'http://example.com/76');
INSERT INTO recursos_educativos (leccion_id, titulo, tipo_recurso, url) VALUES (77, 'Recurso77', 'lectura', 'http://example.com/77');
INSERT INTO recursos_educativos (leccion_id, titulo, tipo_recurso, url) VALUES (78, 'Recurso78', 'lectura', 'http://example.com/78');
INSERT INTO recursos_educativos (leccion_id, titulo, tipo_recurso, url) VALUES (79, 'Recurso79', 'lectura', 'http://example.com/79');
INSERT INTO recursos_educativos (leccion_id, titulo, tipo_recurso, url) VALUES (80, 'Recurso80', 'lectura', 'http://example.com/80');
INSERT INTO recursos_educativos (leccion_id, titulo, tipo_recurso, url) VALUES (81, 'Recurso81', 'lectura', 'http://example.com/81');
INSERT INTO recursos_educativos (leccion_id, titulo, tipo_recurso, url) VALUES (82, 'Recurso82', 'lectura', 'http://example.com/82');
INSERT INTO recursos_educativos (leccion_id, titulo, tipo_recurso, url) VALUES (83, 'Recurso83', 'lectura', 'http://example.com/83');
INSERT INTO recursos_educativos (leccion_id, titulo, tipo_recurso, url) VALUES (84, 'Recurso84', 'lectura', 'http://example.com/84');
INSERT INTO recursos_educativos (leccion_id, titulo, tipo_recurso, url) VALUES (85, 'Recurso85', 'lectura', 'http://example.com/85');
INSERT INTO recursos_educativos (leccion_id, titulo, tipo_recurso, url) VALUES (86, 'Recurso86', 'lectura', 'http://example.com/86');
INSERT INTO recursos_educativos (leccion_id, titulo, tipo_recurso, url) VALUES (87, 'Recurso87', 'lectura', 'http://example.com/87');
INSERT INTO recursos_educativos (leccion_id, titulo, tipo_recurso, url) VALUES (88, 'Recurso88', 'lectura', 'http://example.com/88');
INSERT INTO recursos_educativos (leccion_id, titulo, tipo_recurso, url) VALUES (89, 'Recurso89', 'lectura', 'http://example.com/89');
INSERT INTO recursos_educativos (leccion_id, titulo, tipo_recurso, url) VALUES (90, 'Recurso90', 'lectura', 'http://example.com/90');
INSERT INTO recursos_educativos (leccion_id, titulo, tipo_recurso, url) VALUES (91, 'Recurso91', 'lectura', 'http://example.com/91');
INSERT INTO recursos_educativos (leccion_id, titulo, tipo_recurso, url) VALUES (92, 'Recurso92', 'lectura', 'http://example.com/92');
INSERT INTO recursos_educativos (leccion_id, titulo, tipo_recurso, url) VALUES (93, 'Recurso93', 'lectura', 'http://example.com/93');
INSERT INTO recursos_educativos (leccion_id, titulo, tipo_recurso, url) VALUES (94, 'Recurso94', 'lectura', 'http://example.com/94');
INSERT INTO recursos_educativos (leccion_id, titulo, tipo_recurso, url) VALUES (95, 'Recurso95', 'lectura', 'http://example.com/95');
INSERT INTO recursos_educativos (leccion_id, titulo, tipo_recurso, url) VALUES (96, 'Recurso96', 'lectura', 'http://example.com/96');
INSERT INTO recursos_educativos (leccion_id, titulo, tipo_recurso, url) VALUES (97, 'Recurso97', 'lectura', 'http://example.com/97');
INSERT INTO recursos_educativos (leccion_id, titulo, tipo_recurso, url) VALUES (98, 'Recurso98', 'lectura', 'http://example.com/98');
INSERT INTO recursos_educativos (leccion_id, titulo, tipo_recurso, url) VALUES (99, 'Recurso99', 'lectura', 'http://example.com/99');
INSERT INTO recursos_educativos (leccion_id, titulo, tipo_recurso, url) VALUES (100, 'Recurso100', 'lectura', 'http://example.com/100');

INSERT INTO habilidades (nombre, descripcion) VALUES ('Habilidad1', 'Descripcion habilidad 1');
INSERT INTO habilidades (nombre, descripcion) VALUES ('Habilidad2', 'Descripcion habilidad 2');
INSERT INTO habilidades (nombre, descripcion) VALUES ('Habilidad3', 'Descripcion habilidad 3');
INSERT INTO habilidades (nombre, descripcion) VALUES ('Habilidad4', 'Descripcion habilidad 4');
INSERT INTO habilidades (nombre, descripcion) VALUES ('Habilidad5', 'Descripcion habilidad 5');
INSERT INTO habilidades (nombre, descripcion) VALUES ('Habilidad6', 'Descripcion habilidad 6');
INSERT INTO habilidades (nombre, descripcion) VALUES ('Habilidad7', 'Descripcion habilidad 7');
INSERT INTO habilidades (nombre, descripcion) VALUES ('Habilidad8', 'Descripcion habilidad 8');
INSERT INTO habilidades (nombre, descripcion) VALUES ('Habilidad9', 'Descripcion habilidad 9');
INSERT INTO habilidades (nombre, descripcion) VALUES ('Habilidad10', 'Descripcion habilidad 10');
INSERT INTO habilidades (nombre, descripcion) VALUES ('Habilidad11', 'Descripcion habilidad 11');
INSERT INTO habilidades (nombre, descripcion) VALUES ('Habilidad12', 'Descripcion habilidad 12');
INSERT INTO habilidades (nombre, descripcion) VALUES ('Habilidad13', 'Descripcion habilidad 13');
INSERT INTO habilidades (nombre, descripcion) VALUES ('Habilidad14', 'Descripcion habilidad 14');
INSERT INTO habilidades (nombre, descripcion) VALUES ('Habilidad15', 'Descripcion habilidad 15');
INSERT INTO habilidades (nombre, descripcion) VALUES ('Habilidad16', 'Descripcion habilidad 16');
INSERT INTO habilidades (nombre, descripcion) VALUES ('Habilidad17', 'Descripcion habilidad 17');
INSERT INTO habilidades (nombre, descripcion) VALUES ('Habilidad18', 'Descripcion habilidad 18');
INSERT INTO habilidades (nombre, descripcion) VALUES ('Habilidad19', 'Descripcion habilidad 19');
INSERT INTO habilidades (nombre, descripcion) VALUES ('Habilidad20', 'Descripcion habilidad 20');
INSERT INTO habilidades (nombre, descripcion) VALUES ('Habilidad21', 'Descripcion habilidad 21');
INSERT INTO habilidades (nombre, descripcion) VALUES ('Habilidad22', 'Descripcion habilidad 22');
INSERT INTO habilidades (nombre, descripcion) VALUES ('Habilidad23', 'Descripcion habilidad 23');
INSERT INTO habilidades (nombre, descripcion) VALUES ('Habilidad24', 'Descripcion habilidad 24');
INSERT INTO habilidades (nombre, descripcion) VALUES ('Habilidad25', 'Descripcion habilidad 25');
INSERT INTO habilidades (nombre, descripcion) VALUES ('Habilidad26', 'Descripcion habilidad 26');
INSERT INTO habilidades (nombre, descripcion) VALUES ('Habilidad27', 'Descripcion habilidad 27');
INSERT INTO habilidades (nombre, descripcion) VALUES ('Habilidad28', 'Descripcion habilidad 28');
INSERT INTO habilidades (nombre, descripcion) VALUES ('Habilidad29', 'Descripcion habilidad 29');
INSERT INTO habilidades (nombre, descripcion) VALUES ('Habilidad30', 'Descripcion habilidad 30');
INSERT INTO habilidades (nombre, descripcion) VALUES ('Habilidad31', 'Descripcion habilidad 31');
INSERT INTO habilidades (nombre, descripcion) VALUES ('Habilidad32', 'Descripcion habilidad 32');
INSERT INTO habilidades (nombre, descripcion) VALUES ('Habilidad33', 'Descripcion habilidad 33');
INSERT INTO habilidades (nombre, descripcion) VALUES ('Habilidad34', 'Descripcion habilidad 34');
INSERT INTO habilidades (nombre, descripcion) VALUES ('Habilidad35', 'Descripcion habilidad 35');
INSERT INTO habilidades (nombre, descripcion) VALUES ('Habilidad36', 'Descripcion habilidad 36');
INSERT INTO habilidades (nombre, descripcion) VALUES ('Habilidad37', 'Descripcion habilidad 37');
INSERT INTO habilidades (nombre, descripcion) VALUES ('Habilidad38', 'Descripcion habilidad 38');
INSERT INTO habilidades (nombre, descripcion) VALUES ('Habilidad39', 'Descripcion habilidad 39');
INSERT INTO habilidades (nombre, descripcion) VALUES ('Habilidad40', 'Descripcion habilidad 40');
INSERT INTO habilidades (nombre, descripcion) VALUES ('Habilidad41', 'Descripcion habilidad 41');
INSERT INTO habilidades (nombre, descripcion) VALUES ('Habilidad42', 'Descripcion habilidad 42');
INSERT INTO habilidades (nombre, descripcion) VALUES ('Habilidad43', 'Descripcion habilidad 43');
INSERT INTO habilidades (nombre, descripcion) VALUES ('Habilidad44', 'Descripcion habilidad 44');
INSERT INTO habilidades (nombre, descripcion) VALUES ('Habilidad45', 'Descripcion habilidad 45');
INSERT INTO habilidades (nombre, descripcion) VALUES ('Habilidad46', 'Descripcion habilidad 46');
INSERT INTO habilidades (nombre, descripcion) VALUES ('Habilidad47', 'Descripcion habilidad 47');
INSERT INTO habilidades (nombre, descripcion) VALUES ('Habilidad48', 'Descripcion habilidad 48');
INSERT INTO habilidades (nombre, descripcion) VALUES ('Habilidad49', 'Descripcion habilidad 49');
INSERT INTO habilidades (nombre, descripcion) VALUES ('Habilidad50', 'Descripcion habilidad 50');
INSERT INTO habilidades (nombre, descripcion) VALUES ('Habilidad51', 'Descripcion habilidad 51');
INSERT INTO habilidades (nombre, descripcion) VALUES ('Habilidad52', 'Descripcion habilidad 52');
INSERT INTO habilidades (nombre, descripcion) VALUES ('Habilidad53', 'Descripcion habilidad 53');
INSERT INTO habilidades (nombre, descripcion) VALUES ('Habilidad54', 'Descripcion habilidad 54');
INSERT INTO habilidades (nombre, descripcion) VALUES ('Habilidad55', 'Descripcion habilidad 55');
INSERT INTO habilidades (nombre, descripcion) VALUES ('Habilidad56', 'Descripcion habilidad 56');
INSERT INTO habilidades (nombre, descripcion) VALUES ('Habilidad57', 'Descripcion habilidad 57');
INSERT INTO habilidades (nombre, descripcion) VALUES ('Habilidad58', 'Descripcion habilidad 58');
INSERT INTO habilidades (nombre, descripcion) VALUES ('Habilidad59', 'Descripcion habilidad 59');
INSERT INTO habilidades (nombre, descripcion) VALUES ('Habilidad60', 'Descripcion habilidad 60');
INSERT INTO habilidades (nombre, descripcion) VALUES ('Habilidad61', 'Descripcion habilidad 61');
INSERT INTO habilidades (nombre, descripcion) VALUES ('Habilidad62', 'Descripcion habilidad 62');
INSERT INTO habilidades (nombre, descripcion) VALUES ('Habilidad63', 'Descripcion habilidad 63');
INSERT INTO habilidades (nombre, descripcion) VALUES ('Habilidad64', 'Descripcion habilidad 64');
INSERT INTO habilidades (nombre, descripcion) VALUES ('Habilidad65', 'Descripcion habilidad 65');
INSERT INTO habilidades (nombre, descripcion) VALUES ('Habilidad66', 'Descripcion habilidad 66');
INSERT INTO habilidades (nombre, descripcion) VALUES ('Habilidad67', 'Descripcion habilidad 67');
INSERT INTO habilidades (nombre, descripcion) VALUES ('Habilidad68', 'Descripcion habilidad 68');
INSERT INTO habilidades (nombre, descripcion) VALUES ('Habilidad69', 'Descripcion habilidad 69');
INSERT INTO habilidades (nombre, descripcion) VALUES ('Habilidad70', 'Descripcion habilidad 70');
INSERT INTO habilidades (nombre, descripcion) VALUES ('Habilidad71', 'Descripcion habilidad 71');
INSERT INTO habilidades (nombre, descripcion) VALUES ('Habilidad72', 'Descripcion habilidad 72');
INSERT INTO habilidades (nombre, descripcion) VALUES ('Habilidad73', 'Descripcion habilidad 73');
INSERT INTO habilidades (nombre, descripcion) VALUES ('Habilidad74', 'Descripcion habilidad 74');
INSERT INTO habilidades (nombre, descripcion) VALUES ('Habilidad75', 'Descripcion habilidad 75');
INSERT INTO habilidades (nombre, descripcion) VALUES ('Habilidad76', 'Descripcion habilidad 76');
INSERT INTO habilidades (nombre, descripcion) VALUES ('Habilidad77', 'Descripcion habilidad 77');
INSERT INTO habilidades (nombre, descripcion) VALUES ('Habilidad78', 'Descripcion habilidad 78');
INSERT INTO habilidades (nombre, descripcion) VALUES ('Habilidad79', 'Descripcion habilidad 79');
INSERT INTO habilidades (nombre, descripcion) VALUES ('Habilidad80', 'Descripcion habilidad 80');
INSERT INTO habilidades (nombre, descripcion) VALUES ('Habilidad81', 'Descripcion habilidad 81');
INSERT INTO habilidades (nombre, descripcion) VALUES ('Habilidad82', 'Descripcion habilidad 82');
INSERT INTO habilidades (nombre, descripcion) VALUES ('Habilidad83', 'Descripcion habilidad 83');
INSERT INTO habilidades (nombre, descripcion) VALUES ('Habilidad84', 'Descripcion habilidad 84');
INSERT INTO habilidades (nombre, descripcion) VALUES ('Habilidad85', 'Descripcion habilidad 85');
INSERT INTO habilidades (nombre, descripcion) VALUES ('Habilidad86', 'Descripcion habilidad 86');
INSERT INTO habilidades (nombre, descripcion) VALUES ('Habilidad87', 'Descripcion habilidad 87');
INSERT INTO habilidades (nombre, descripcion) VALUES ('Habilidad88', 'Descripcion habilidad 88');
INSERT INTO habilidades (nombre, descripcion) VALUES ('Habilidad89', 'Descripcion habilidad 89');
INSERT INTO habilidades (nombre, descripcion) VALUES ('Habilidad90', 'Descripcion habilidad 90');
INSERT INTO habilidades (nombre, descripcion) VALUES ('Habilidad91', 'Descripcion habilidad 91');
INSERT INTO habilidades (nombre, descripcion) VALUES ('Habilidad92', 'Descripcion habilidad 92');
INSERT INTO habilidades (nombre, descripcion) VALUES ('Habilidad93', 'Descripcion habilidad 93');
INSERT INTO habilidades (nombre, descripcion) VALUES ('Habilidad94', 'Descripcion habilidad 94');
INSERT INTO habilidades (nombre, descripcion) VALUES ('Habilidad95', 'Descripcion habilidad 95');
INSERT INTO habilidades (nombre, descripcion) VALUES ('Habilidad96', 'Descripcion habilidad 96');
INSERT INTO habilidades (nombre, descripcion) VALUES ('Habilidad97', 'Descripcion habilidad 97');
INSERT INTO habilidades (nombre, descripcion) VALUES ('Habilidad98', 'Descripcion habilidad 98');
INSERT INTO habilidades (nombre, descripcion) VALUES ('Habilidad99', 'Descripcion habilidad 99');
INSERT INTO habilidades (nombre, descripcion) VALUES ('Habilidad100', 'Descripcion habilidad 100');

INSERT INTO curso_habilidades (curso_id, habilidad_id, nivel_requerido) VALUES (1, 1, 'nivel5');
INSERT INTO curso_habilidades (curso_id, habilidad_id, nivel_requerido) VALUES (2, 2, 'nivel5');
INSERT INTO curso_habilidades (curso_id, habilidad_id, nivel_requerido) VALUES (3, 3, 'nivel2');
INSERT INTO curso_habilidades (curso_id, habilidad_id, nivel_requerido) VALUES (4, 4, 'nivel1');
INSERT INTO curso_habilidades (curso_id, habilidad_id, nivel_requerido) VALUES (5, 5, 'nivel1');
INSERT INTO curso_habilidades (curso_id, habilidad_id, nivel_requerido) VALUES (6, 6, 'nivel5');
INSERT INTO curso_habilidades (curso_id, habilidad_id, nivel_requerido) VALUES (7, 7, 'nivel1');
INSERT INTO curso_habilidades (curso_id, habilidad_id, nivel_requerido) VALUES (8, 8, 'nivel2');
INSERT INTO curso_habilidades (curso_id, habilidad_id, nivel_requerido) VALUES (9, 9, 'nivel1');
INSERT INTO curso_habilidades (curso_id, habilidad_id, nivel_requerido) VALUES (10, 10, 'nivel2');
INSERT INTO curso_habilidades (curso_id, habilidad_id, nivel_requerido) VALUES (11, 11, 'nivel4');
INSERT INTO curso_habilidades (curso_id, habilidad_id, nivel_requerido) VALUES (12, 12, 'nivel4');
INSERT INTO curso_habilidades (curso_id, habilidad_id, nivel_requerido) VALUES (13, 13, 'nivel1');
INSERT INTO curso_habilidades (curso_id, habilidad_id, nivel_requerido) VALUES (14, 14, 'nivel3');
INSERT INTO curso_habilidades (curso_id, habilidad_id, nivel_requerido) VALUES (15, 15, 'nivel4');
INSERT INTO curso_habilidades (curso_id, habilidad_id, nivel_requerido) VALUES (16, 16, 'nivel4');
INSERT INTO curso_habilidades (curso_id, habilidad_id, nivel_requerido) VALUES (17, 17, 'nivel2');
INSERT INTO curso_habilidades (curso_id, habilidad_id, nivel_requerido) VALUES (18, 18, 'nivel4');
INSERT INTO curso_habilidades (curso_id, habilidad_id, nivel_requerido) VALUES (19, 19, 'nivel2');
INSERT INTO curso_habilidades (curso_id, habilidad_id, nivel_requerido) VALUES (20, 20, 'nivel5');
INSERT INTO curso_habilidades (curso_id, habilidad_id, nivel_requerido) VALUES (21, 21, 'nivel4');
INSERT INTO curso_habilidades (curso_id, habilidad_id, nivel_requerido) VALUES (22, 22, 'nivel5');
INSERT INTO curso_habilidades (curso_id, habilidad_id, nivel_requerido) VALUES (23, 23, 'nivel4');
INSERT INTO curso_habilidades (curso_id, habilidad_id, nivel_requerido) VALUES (24, 24, 'nivel1');
INSERT INTO curso_habilidades (curso_id, habilidad_id, nivel_requerido) VALUES (25, 25, 'nivel4');
INSERT INTO curso_habilidades (curso_id, habilidad_id, nivel_requerido) VALUES (26, 26, 'nivel3');
INSERT INTO curso_habilidades (curso_id, habilidad_id, nivel_requerido) VALUES (27, 27, 'nivel1');
INSERT INTO curso_habilidades (curso_id, habilidad_id, nivel_requerido) VALUES (28, 28, 'nivel5');
INSERT INTO curso_habilidades (curso_id, habilidad_id, nivel_requerido) VALUES (29, 29, 'nivel1');
INSERT INTO curso_habilidades (curso_id, habilidad_id, nivel_requerido) VALUES (30, 30, 'nivel3');
INSERT INTO curso_habilidades (curso_id, habilidad_id, nivel_requerido) VALUES (31, 31, 'nivel1');
INSERT INTO curso_habilidades (curso_id, habilidad_id, nivel_requerido) VALUES (32, 32, 'nivel4');
INSERT INTO curso_habilidades (curso_id, habilidad_id, nivel_requerido) VALUES (33, 33, 'nivel5');
INSERT INTO curso_habilidades (curso_id, habilidad_id, nivel_requerido) VALUES (34, 34, 'nivel3');
INSERT INTO curso_habilidades (curso_id, habilidad_id, nivel_requerido) VALUES (35, 35, 'nivel2');
INSERT INTO curso_habilidades (curso_id, habilidad_id, nivel_requerido) VALUES (36, 36, 'nivel2');
INSERT INTO curso_habilidades (curso_id, habilidad_id, nivel_requerido) VALUES (37, 37, 'nivel5');
INSERT INTO curso_habilidades (curso_id, habilidad_id, nivel_requerido) VALUES (38, 38, 'nivel2');
INSERT INTO curso_habilidades (curso_id, habilidad_id, nivel_requerido) VALUES (39, 39, 'nivel2');
INSERT INTO curso_habilidades (curso_id, habilidad_id, nivel_requerido) VALUES (40, 40, 'nivel3');
INSERT INTO curso_habilidades (curso_id, habilidad_id, nivel_requerido) VALUES (41, 41, 'nivel5');
INSERT INTO curso_habilidades (curso_id, habilidad_id, nivel_requerido) VALUES (42, 42, 'nivel2');
INSERT INTO curso_habilidades (curso_id, habilidad_id, nivel_requerido) VALUES (43, 43, 'nivel2');
INSERT INTO curso_habilidades (curso_id, habilidad_id, nivel_requerido) VALUES (44, 44, 'nivel3');
INSERT INTO curso_habilidades (curso_id, habilidad_id, nivel_requerido) VALUES (45, 45, 'nivel1');
INSERT INTO curso_habilidades (curso_id, habilidad_id, nivel_requerido) VALUES (46, 46, 'nivel3');
INSERT INTO curso_habilidades (curso_id, habilidad_id, nivel_requerido) VALUES (47, 47, 'nivel4');
INSERT INTO curso_habilidades (curso_id, habilidad_id, nivel_requerido) VALUES (48, 48, 'nivel1');
INSERT INTO curso_habilidades (curso_id, habilidad_id, nivel_requerido) VALUES (49, 49, 'nivel4');
INSERT INTO curso_habilidades (curso_id, habilidad_id, nivel_requerido) VALUES (50, 50, 'nivel2');
INSERT INTO curso_habilidades (curso_id, habilidad_id, nivel_requerido) VALUES (51, 51, 'nivel3');
INSERT INTO curso_habilidades (curso_id, habilidad_id, nivel_requerido) VALUES (52, 52, 'nivel3');
INSERT INTO curso_habilidades (curso_id, habilidad_id, nivel_requerido) VALUES (53, 53, 'nivel3');
INSERT INTO curso_habilidades (curso_id, habilidad_id, nivel_requerido) VALUES (54, 54, 'nivel2');
INSERT INTO curso_habilidades (curso_id, habilidad_id, nivel_requerido) VALUES (55, 55, 'nivel1');
INSERT INTO curso_habilidades (curso_id, habilidad_id, nivel_requerido) VALUES (56, 56, 'nivel2');
INSERT INTO curso_habilidades (curso_id, habilidad_id, nivel_requerido) VALUES (57, 57, 'nivel1');
INSERT INTO curso_habilidades (curso_id, habilidad_id, nivel_requerido) VALUES (58, 58, 'nivel3');
INSERT INTO curso_habilidades (curso_id, habilidad_id, nivel_requerido) VALUES (59, 59, 'nivel3');
INSERT INTO curso_habilidades (curso_id, habilidad_id, nivel_requerido) VALUES (60, 60, 'nivel3');
INSERT INTO curso_habilidades (curso_id, habilidad_id, nivel_requerido) VALUES (61, 61, 'nivel1');
INSERT INTO curso_habilidades (curso_id, habilidad_id, nivel_requerido) VALUES (62, 62, 'nivel1');
INSERT INTO curso_habilidades (curso_id, habilidad_id, nivel_requerido) VALUES (63, 63, 'nivel2');
INSERT INTO curso_habilidades (curso_id, habilidad_id, nivel_requerido) VALUES (64, 64, 'nivel5');
INSERT INTO curso_habilidades (curso_id, habilidad_id, nivel_requerido) VALUES (65, 65, 'nivel4');
INSERT INTO curso_habilidades (curso_id, habilidad_id, nivel_requerido) VALUES (66, 66, 'nivel1');
INSERT INTO curso_habilidades (curso_id, habilidad_id, nivel_requerido) VALUES (67, 67, 'nivel3');
INSERT INTO curso_habilidades (curso_id, habilidad_id, nivel_requerido) VALUES (68, 68, 'nivel4');
INSERT INTO curso_habilidades (curso_id, habilidad_id, nivel_requerido) VALUES (69, 69, 'nivel1');
INSERT INTO curso_habilidades (curso_id, habilidad_id, nivel_requerido) VALUES (70, 70, 'nivel3');
INSERT INTO curso_habilidades (curso_id, habilidad_id, nivel_requerido) VALUES (71, 71, 'nivel3');
INSERT INTO curso_habilidades (curso_id, habilidad_id, nivel_requerido) VALUES (72, 72, 'nivel5');
INSERT INTO curso_habilidades (curso_id, habilidad_id, nivel_requerido) VALUES (73, 73, 'nivel2');
INSERT INTO curso_habilidades (curso_id, habilidad_id, nivel_requerido) VALUES (74, 74, 'nivel4');
INSERT INTO curso_habilidades (curso_id, habilidad_id, nivel_requerido) VALUES (75, 75, 'nivel2');
INSERT INTO curso_habilidades (curso_id, habilidad_id, nivel_requerido) VALUES (76, 76, 'nivel3');
INSERT INTO curso_habilidades (curso_id, habilidad_id, nivel_requerido) VALUES (77, 77, 'nivel1');
INSERT INTO curso_habilidades (curso_id, habilidad_id, nivel_requerido) VALUES (78, 78, 'nivel5');
INSERT INTO curso_habilidades (curso_id, habilidad_id, nivel_requerido) VALUES (79, 79, 'nivel2');
INSERT INTO curso_habilidades (curso_id, habilidad_id, nivel_requerido) VALUES (80, 80, 'nivel5');
INSERT INTO curso_habilidades (curso_id, habilidad_id, nivel_requerido) VALUES (81, 81, 'nivel2');
INSERT INTO curso_habilidades (curso_id, habilidad_id, nivel_requerido) VALUES (82, 82, 'nivel1');
INSERT INTO curso_habilidades (curso_id, habilidad_id, nivel_requerido) VALUES (83, 83, 'nivel5');
INSERT INTO curso_habilidades (curso_id, habilidad_id, nivel_requerido) VALUES (84, 84, 'nivel4');
INSERT INTO curso_habilidades (curso_id, habilidad_id, nivel_requerido) VALUES (85, 85, 'nivel3');
INSERT INTO curso_habilidades (curso_id, habilidad_id, nivel_requerido) VALUES (86, 86, 'nivel4');
INSERT INTO curso_habilidades (curso_id, habilidad_id, nivel_requerido) VALUES (87, 87, 'nivel2');
INSERT INTO curso_habilidades (curso_id, habilidad_id, nivel_requerido) VALUES (88, 88, 'nivel1');
INSERT INTO curso_habilidades (curso_id, habilidad_id, nivel_requerido) VALUES (89, 89, 'nivel4');
INSERT INTO curso_habilidades (curso_id, habilidad_id, nivel_requerido) VALUES (90, 90, 'nivel1');
INSERT INTO curso_habilidades (curso_id, habilidad_id, nivel_requerido) VALUES (91, 91, 'nivel1');
INSERT INTO curso_habilidades (curso_id, habilidad_id, nivel_requerido) VALUES (92, 92, 'nivel4');
INSERT INTO curso_habilidades (curso_id, habilidad_id, nivel_requerido) VALUES (93, 93, 'nivel4');
INSERT INTO curso_habilidades (curso_id, habilidad_id, nivel_requerido) VALUES (94, 94, 'nivel1');
INSERT INTO curso_habilidades (curso_id, habilidad_id, nivel_requerido) VALUES (95, 95, 'nivel3');
INSERT INTO curso_habilidades (curso_id, habilidad_id, nivel_requerido) VALUES (96, 96, 'nivel5');
INSERT INTO curso_habilidades (curso_id, habilidad_id, nivel_requerido) VALUES (97, 97, 'nivel2');
INSERT INTO curso_habilidades (curso_id, habilidad_id, nivel_requerido) VALUES (98, 98, 'nivel4');
INSERT INTO curso_habilidades (curso_id, habilidad_id, nivel_requerido) VALUES (99, 99, 'nivel1');
INSERT INTO curso_habilidades (curso_id, habilidad_id, nivel_requerido) VALUES (100, 100, 'nivel3');

INSERT INTO comentarios (curso_id, estudiante_id, contenido, calificacion) VALUES (1, 1, 'Comentario 1', 3);
INSERT INTO comentarios (curso_id, estudiante_id, contenido, calificacion) VALUES (2, 2, 'Comentario 2', 2);
INSERT INTO comentarios (curso_id, estudiante_id, contenido, calificacion) VALUES (3, 3, 'Comentario 3', 5);
INSERT INTO comentarios (curso_id, estudiante_id, contenido, calificacion) VALUES (4, 4, 'Comentario 4', 1);
INSERT INTO comentarios (curso_id, estudiante_id, contenido, calificacion) VALUES (5, 5, 'Comentario 5', 2);
INSERT INTO comentarios (curso_id, estudiante_id, contenido, calificacion) VALUES (6, 6, 'Comentario 6', 5);
INSERT INTO comentarios (curso_id, estudiante_id, contenido, calificacion) VALUES (7, 7, 'Comentario 7', 3);
INSERT INTO comentarios (curso_id, estudiante_id, contenido, calificacion) VALUES (8, 8, 'Comentario 8', 2);
INSERT INTO comentarios (curso_id, estudiante_id, contenido, calificacion) VALUES (9, 9, 'Comentario 9', 5);
INSERT INTO comentarios (curso_id, estudiante_id, contenido, calificacion) VALUES (10, 10, 'Comentario 10', 4);
INSERT INTO comentarios (curso_id, estudiante_id, contenido, calificacion) VALUES (11, 11, 'Comentario 11', 4);
INSERT INTO comentarios (curso_id, estudiante_id, contenido, calificacion) VALUES (12, 12, 'Comentario 12', 5);
INSERT INTO comentarios (curso_id, estudiante_id, contenido, calificacion) VALUES (13, 13, 'Comentario 13', 5);
INSERT INTO comentarios (curso_id, estudiante_id, contenido, calificacion) VALUES (14, 14, 'Comentario 14', 5);
INSERT INTO comentarios (curso_id, estudiante_id, contenido, calificacion) VALUES (15, 15, 'Comentario 15', 3);
INSERT INTO comentarios (curso_id, estudiante_id, contenido, calificacion) VALUES (16, 16, 'Comentario 16', 1);
INSERT INTO comentarios (curso_id, estudiante_id, contenido, calificacion) VALUES (17, 17, 'Comentario 17', 5);
INSERT INTO comentarios (curso_id, estudiante_id, contenido, calificacion) VALUES (18, 18, 'Comentario 18', 1);
INSERT INTO comentarios (curso_id, estudiante_id, contenido, calificacion) VALUES (19, 19, 'Comentario 19', 5);
INSERT INTO comentarios (curso_id, estudiante_id, contenido, calificacion) VALUES (20, 20, 'Comentario 20', 4);
INSERT INTO comentarios (curso_id, estudiante_id, contenido, calificacion) VALUES (21, 21, 'Comentario 21', 5);
INSERT INTO comentarios (curso_id, estudiante_id, contenido, calificacion) VALUES (22, 22, 'Comentario 22', 3);
INSERT INTO comentarios (curso_id, estudiante_id, contenido, calificacion) VALUES (23, 23, 'Comentario 23', 5);
INSERT INTO comentarios (curso_id, estudiante_id, contenido, calificacion) VALUES (24, 24, 'Comentario 24', 2);
INSERT INTO comentarios (curso_id, estudiante_id, contenido, calificacion) VALUES (25, 25, 'Comentario 25', 4);
INSERT INTO comentarios (curso_id, estudiante_id, contenido, calificacion) VALUES (26, 26, 'Comentario 26', 4);
INSERT INTO comentarios (curso_id, estudiante_id, contenido, calificacion) VALUES (27, 27, 'Comentario 27', 3);
INSERT INTO comentarios (curso_id, estudiante_id, contenido, calificacion) VALUES (28, 28, 'Comentario 28', 2);
INSERT INTO comentarios (curso_id, estudiante_id, contenido, calificacion) VALUES (29, 29, 'Comentario 29', 1);
INSERT INTO comentarios (curso_id, estudiante_id, contenido, calificacion) VALUES (30, 30, 'Comentario 30', 2);
INSERT INTO comentarios (curso_id, estudiante_id, contenido, calificacion) VALUES (31, 31, 'Comentario 31', 5);
INSERT INTO comentarios (curso_id, estudiante_id, contenido, calificacion) VALUES (32, 32, 'Comentario 32', 3);
INSERT INTO comentarios (curso_id, estudiante_id, contenido, calificacion) VALUES (33, 33, 'Comentario 33', 4);
INSERT INTO comentarios (curso_id, estudiante_id, contenido, calificacion) VALUES (34, 34, 'Comentario 34', 5);
INSERT INTO comentarios (curso_id, estudiante_id, contenido, calificacion) VALUES (35, 35, 'Comentario 35', 4);
INSERT INTO comentarios (curso_id, estudiante_id, contenido, calificacion) VALUES (36, 36, 'Comentario 36', 3);
INSERT INTO comentarios (curso_id, estudiante_id, contenido, calificacion) VALUES (37, 37, 'Comentario 37', 1);
INSERT INTO comentarios (curso_id, estudiante_id, contenido, calificacion) VALUES (38, 38, 'Comentario 38', 2);
INSERT INTO comentarios (curso_id, estudiante_id, contenido, calificacion) VALUES (39, 39, 'Comentario 39', 3);
INSERT INTO comentarios (curso_id, estudiante_id, contenido, calificacion) VALUES (40, 40, 'Comentario 40', 3);
INSERT INTO comentarios (curso_id, estudiante_id, contenido, calificacion) VALUES (41, 41, 'Comentario 41', 4);
INSERT INTO comentarios (curso_id, estudiante_id, contenido, calificacion) VALUES (42, 42, 'Comentario 42', 5);
INSERT INTO comentarios (curso_id, estudiante_id, contenido, calificacion) VALUES (43, 43, 'Comentario 43', 3);
INSERT INTO comentarios (curso_id, estudiante_id, contenido, calificacion) VALUES (44, 44, 'Comentario 44', 4);
INSERT INTO comentarios (curso_id, estudiante_id, contenido, calificacion) VALUES (45, 45, 'Comentario 45', 1);
INSERT INTO comentarios (curso_id, estudiante_id, contenido, calificacion) VALUES (46, 46, 'Comentario 46', 5);
INSERT INTO comentarios (curso_id, estudiante_id, contenido, calificacion) VALUES (47, 47, 'Comentario 47', 3);
INSERT INTO comentarios (curso_id, estudiante_id, contenido, calificacion) VALUES (48, 48, 'Comentario 48', 5);
INSERT INTO comentarios (curso_id, estudiante_id, contenido, calificacion) VALUES (49, 49, 'Comentario 49', 2);
INSERT INTO comentarios (curso_id, estudiante_id, contenido, calificacion) VALUES (50, 50, 'Comentario 50', 3);
INSERT INTO comentarios (curso_id, estudiante_id, contenido, calificacion) VALUES (51, 51, 'Comentario 51', 1);
INSERT INTO comentarios (curso_id, estudiante_id, contenido, calificacion) VALUES (52, 52, 'Comentario 52', 1);
INSERT INTO comentarios (curso_id, estudiante_id, contenido, calificacion) VALUES (53, 53, 'Comentario 53', 3);
INSERT INTO comentarios (curso_id, estudiante_id, contenido, calificacion) VALUES (54, 54, 'Comentario 54', 4);
INSERT INTO comentarios (curso_id, estudiante_id, contenido, calificacion) VALUES (55, 55, 'Comentario 55', 2);
INSERT INTO comentarios (curso_id, estudiante_id, contenido, calificacion) VALUES (56, 56, 'Comentario 56', 5);
INSERT INTO comentarios (curso_id, estudiante_id, contenido, calificacion) VALUES (57, 57, 'Comentario 57', 4);
INSERT INTO comentarios (curso_id, estudiante_id, contenido, calificacion) VALUES (58, 58, 'Comentario 58', 1);
INSERT INTO comentarios (curso_id, estudiante_id, contenido, calificacion) VALUES (59, 59, 'Comentario 59', 1);
INSERT INTO comentarios (curso_id, estudiante_id, contenido, calificacion) VALUES (60, 60, 'Comentario 60', 2);
INSERT INTO comentarios (curso_id, estudiante_id, contenido, calificacion) VALUES (61, 61, 'Comentario 61', 2);
INSERT INTO comentarios (curso_id, estudiante_id, contenido, calificacion) VALUES (62, 62, 'Comentario 62', 5);
INSERT INTO comentarios (curso_id, estudiante_id, contenido, calificacion) VALUES (63, 63, 'Comentario 63', 1);
INSERT INTO comentarios (curso_id, estudiante_id, contenido, calificacion) VALUES (64, 64, 'Comentario 64', 2);
INSERT INTO comentarios (curso_id, estudiante_id, contenido, calificacion) VALUES (65, 65, 'Comentario 65', 4);
INSERT INTO comentarios (curso_id, estudiante_id, contenido, calificacion) VALUES (66, 66, 'Comentario 66', 3);
INSERT INTO comentarios (curso_id, estudiante_id, contenido, calificacion) VALUES (67, 67, 'Comentario 67', 3);
INSERT INTO comentarios (curso_id, estudiante_id, contenido, calificacion) VALUES (68, 68, 'Comentario 68', 4);
INSERT INTO comentarios (curso_id, estudiante_id, contenido, calificacion) VALUES (69, 69, 'Comentario 69', 1);
INSERT INTO comentarios (curso_id, estudiante_id, contenido, calificacion) VALUES (70, 70, 'Comentario 70', 2);
INSERT INTO comentarios (curso_id, estudiante_id, contenido, calificacion) VALUES (71, 71, 'Comentario 71', 3);
INSERT INTO comentarios (curso_id, estudiante_id, contenido, calificacion) VALUES (72, 72, 'Comentario 72', 1);
INSERT INTO comentarios (curso_id, estudiante_id, contenido, calificacion) VALUES (73, 73, 'Comentario 73', 1);
INSERT INTO comentarios (curso_id, estudiante_id, contenido, calificacion) VALUES (74, 74, 'Comentario 74', 4);
INSERT INTO comentarios (curso_id, estudiante_id, contenido, calificacion) VALUES (75, 75, 'Comentario 75', 4);
INSERT INTO comentarios (curso_id, estudiante_id, contenido, calificacion) VALUES (76, 76, 'Comentario 76', 4);
INSERT INTO comentarios (curso_id, estudiante_id, contenido, calificacion) VALUES (77, 77, 'Comentario 77', 2);
INSERT INTO comentarios (curso_id, estudiante_id, contenido, calificacion) VALUES (78, 78, 'Comentario 78', 3);
INSERT INTO comentarios (curso_id, estudiante_id, contenido, calificacion) VALUES (79, 79, 'Comentario 79', 1);
INSERT INTO comentarios (curso_id, estudiante_id, contenido, calificacion) VALUES (80, 80, 'Comentario 80', 2);
INSERT INTO comentarios (curso_id, estudiante_id, contenido, calificacion) VALUES (81, 81, 'Comentario 81', 1);
INSERT INTO comentarios (curso_id, estudiante_id, contenido, calificacion) VALUES (82, 82, 'Comentario 82', 1);
INSERT INTO comentarios (curso_id, estudiante_id, contenido, calificacion) VALUES (83, 83, 'Comentario 83', 2);
INSERT INTO comentarios (curso_id, estudiante_id, contenido, calificacion) VALUES (84, 84, 'Comentario 84', 2);
INSERT INTO comentarios (curso_id, estudiante_id, contenido, calificacion) VALUES (85, 85, 'Comentario 85', 4);
INSERT INTO comentarios (curso_id, estudiante_id, contenido, calificacion) VALUES (86, 86, 'Comentario 86', 2);
INSERT INTO comentarios (curso_id, estudiante_id, contenido, calificacion) VALUES (87, 87, 'Comentario 87', 4);
INSERT INTO comentarios (curso_id, estudiante_id, contenido, calificacion) VALUES (88, 88, 'Comentario 88', 2);
INSERT INTO comentarios (curso_id, estudiante_id, contenido, calificacion) VALUES (89, 89, 'Comentario 89', 2);
INSERT INTO comentarios (curso_id, estudiante_id, contenido, calificacion) VALUES (90, 90, 'Comentario 90', 5);
INSERT INTO comentarios (curso_id, estudiante_id, contenido, calificacion) VALUES (91, 91, 'Comentario 91', 5);
INSERT INTO comentarios (curso_id, estudiante_id, contenido, calificacion) VALUES (92, 92, 'Comentario 92', 5);
INSERT INTO comentarios (curso_id, estudiante_id, contenido, calificacion) VALUES (93, 93, 'Comentario 93', 4);
INSERT INTO comentarios (curso_id, estudiante_id, contenido, calificacion) VALUES (94, 94, 'Comentario 94', 4);
INSERT INTO comentarios (curso_id, estudiante_id, contenido, calificacion) VALUES (95, 95, 'Comentario 95', 5);
INSERT INTO comentarios (curso_id, estudiante_id, contenido, calificacion) VALUES (96, 96, 'Comentario 96', 5);
INSERT INTO comentarios (curso_id, estudiante_id, contenido, calificacion) VALUES (97, 97, 'Comentario 97', 1);
INSERT INTO comentarios (curso_id, estudiante_id, contenido, calificacion) VALUES (98, 98, 'Comentario 98', 1);
INSERT INTO comentarios (curso_id, estudiante_id, contenido, calificacion) VALUES (99, 99, 'Comentario 99', 2);
INSERT INTO comentarios (curso_id, estudiante_id, contenido, calificacion) VALUES (100, 100, 'Comentario 100', 1);

INSERT INTO certificados (inscripcion_id, estado) VALUES (1, 'emitido');
INSERT INTO certificados (inscripcion_id, estado) VALUES (2, 'emitido');
INSERT INTO certificados (inscripcion_id, estado) VALUES (3, 'revocado');
INSERT INTO certificados (inscripcion_id, estado) VALUES (4, 'revocado');
INSERT INTO certificados (inscripcion_id, estado) VALUES (5, 'emitido');
INSERT INTO certificados (inscripcion_id, estado) VALUES (6, 'revocado');
INSERT INTO certificados (inscripcion_id, estado) VALUES (7, 'emitido');
INSERT INTO certificados (inscripcion_id, estado) VALUES (8, 'revocado');
INSERT INTO certificados (inscripcion_id, estado) VALUES (9, 'emitido');
INSERT INTO certificados (inscripcion_id, estado) VALUES (10, 'emitido');
INSERT INTO certificados (inscripcion_id, estado) VALUES (11, 'revocado');
INSERT INTO certificados (inscripcion_id, estado) VALUES (12, 'emitido');
INSERT INTO certificados (inscripcion_id, estado) VALUES (13, 'revocado');
INSERT INTO certificados (inscripcion_id, estado) VALUES (14, 'emitido');
INSERT INTO certificados (inscripcion_id, estado) VALUES (15, 'revocado');
INSERT INTO certificados (inscripcion_id, estado) VALUES (16, 'revocado');
INSERT INTO certificados (inscripcion_id, estado) VALUES (17, 'revocado');
INSERT INTO certificados (inscripcion_id, estado) VALUES (18, 'revocado');
INSERT INTO certificados (inscripcion_id, estado) VALUES (19, 'revocado');
INSERT INTO certificados (inscripcion_id, estado) VALUES (20, 'revocado');
INSERT INTO certificados (inscripcion_id, estado) VALUES (21, 'emitido');
INSERT INTO certificados (inscripcion_id, estado) VALUES (22, 'revocado');
INSERT INTO certificados (inscripcion_id, estado) VALUES (23, 'revocado');
INSERT INTO certificados (inscripcion_id, estado) VALUES (24, 'revocado');
INSERT INTO certificados (inscripcion_id, estado) VALUES (25, 'revocado');
INSERT INTO certificados (inscripcion_id, estado) VALUES (26, 'emitido');
INSERT INTO certificados (inscripcion_id, estado) VALUES (27, 'revocado');
INSERT INTO certificados (inscripcion_id, estado) VALUES (28, 'emitido');
INSERT INTO certificados (inscripcion_id, estado) VALUES (29, 'emitido');
INSERT INTO certificados (inscripcion_id, estado) VALUES (30, 'emitido');
INSERT INTO certificados (inscripcion_id, estado) VALUES (31, 'revocado');
INSERT INTO certificados (inscripcion_id, estado) VALUES (32, 'emitido');
INSERT INTO certificados (inscripcion_id, estado) VALUES (33, 'revocado');
INSERT INTO certificados (inscripcion_id, estado) VALUES (34, 'revocado');
INSERT INTO certificados (inscripcion_id, estado) VALUES (35, 'revocado');
INSERT INTO certificados (inscripcion_id, estado) VALUES (36, 'revocado');
INSERT INTO certificados (inscripcion_id, estado) VALUES (37, 'revocado');
INSERT INTO certificados (inscripcion_id, estado) VALUES (38, 'revocado');
INSERT INTO certificados (inscripcion_id, estado) VALUES (39, 'emitido');
INSERT INTO certificados (inscripcion_id, estado) VALUES (40, 'emitido');
INSERT INTO certificados (inscripcion_id, estado) VALUES (41, 'emitido');
INSERT INTO certificados (inscripcion_id, estado) VALUES (42, 'emitido');
INSERT INTO certificados (inscripcion_id, estado) VALUES (43, 'revocado');
INSERT INTO certificados (inscripcion_id, estado) VALUES (44, 'revocado');
INSERT INTO certificados (inscripcion_id, estado) VALUES (45, 'emitido');
INSERT INTO certificados (inscripcion_id, estado) VALUES (46, 'emitido');
INSERT INTO certificados (inscripcion_id, estado) VALUES (47, 'revocado');
INSERT INTO certificados (inscripcion_id, estado) VALUES (48, 'revocado');
INSERT INTO certificados (inscripcion_id, estado) VALUES (49, 'revocado');
INSERT INTO certificados (inscripcion_id, estado) VALUES (50, 'revocado');
INSERT INTO certificados (inscripcion_id, estado) VALUES (51, 'revocado');
INSERT INTO certificados (inscripcion_id, estado) VALUES (52, 'revocado');
INSERT INTO certificados (inscripcion_id, estado) VALUES (53, 'emitido');
INSERT INTO certificados (inscripcion_id, estado) VALUES (54, 'revocado');
INSERT INTO certificados (inscripcion_id, estado) VALUES (55, 'revocado');
INSERT INTO certificados (inscripcion_id, estado) VALUES (56, 'emitido');
INSERT INTO certificados (inscripcion_id, estado) VALUES (57, 'revocado');
INSERT INTO certificados (inscripcion_id, estado) VALUES (58, 'emitido');
INSERT INTO certificados (inscripcion_id, estado) VALUES (59, 'emitido');
INSERT INTO certificados (inscripcion_id, estado) VALUES (60, 'revocado');
INSERT INTO certificados (inscripcion_id, estado) VALUES (61, 'revocado');
INSERT INTO certificados (inscripcion_id, estado) VALUES (62, 'revocado');
INSERT INTO certificados (inscripcion_id, estado) VALUES (63, 'revocado');
INSERT INTO certificados (inscripcion_id, estado) VALUES (64, 'revocado');
INSERT INTO certificados (inscripcion_id, estado) VALUES (65, 'revocado');
INSERT INTO certificados (inscripcion_id, estado) VALUES (66, 'revocado');
INSERT INTO certificados (inscripcion_id, estado) VALUES (67, 'revocado');
INSERT INTO certificados (inscripcion_id, estado) VALUES (68, 'emitido');
INSERT INTO certificados (inscripcion_id, estado) VALUES (69, 'emitido');
INSERT INTO certificados (inscripcion_id, estado) VALUES (70, 'revocado');
INSERT INTO certificados (inscripcion_id, estado) VALUES (71, 'revocado');
INSERT INTO certificados (inscripcion_id, estado) VALUES (72, 'emitido');
INSERT INTO certificados (inscripcion_id, estado) VALUES (73, 'revocado');
INSERT INTO certificados (inscripcion_id, estado) VALUES (74, 'revocado');
INSERT INTO certificados (inscripcion_id, estado) VALUES (75, 'emitido');
INSERT INTO certificados (inscripcion_id, estado) VALUES (76, 'revocado');
INSERT INTO certificados (inscripcion_id, estado) VALUES (77, 'emitido');
INSERT INTO certificados (inscripcion_id, estado) VALUES (78, 'revocado');
INSERT INTO certificados (inscripcion_id, estado) VALUES (79, 'emitido');
INSERT INTO certificados (inscripcion_id, estado) VALUES (80, 'emitido');
INSERT INTO certificados (inscripcion_id, estado) VALUES (81, 'emitido');
INSERT INTO certificados (inscripcion_id, estado) VALUES (82, 'revocado');
INSERT INTO certificados (inscripcion_id, estado) VALUES (83, 'revocado');
INSERT INTO certificados (inscripcion_id, estado) VALUES (84, 'emitido');
INSERT INTO certificados (inscripcion_id, estado) VALUES (85, 'emitido');
INSERT INTO certificados (inscripcion_id, estado) VALUES (86, 'revocado');
INSERT INTO certificados (inscripcion_id, estado) VALUES (87, 'revocado');
INSERT INTO certificados (inscripcion_id, estado) VALUES (88, 'revocado');
INSERT INTO certificados (inscripcion_id, estado) VALUES (89, 'revocado');
INSERT INTO certificados (inscripcion_id, estado) VALUES (90, 'revocado');
INSERT INTO certificados (inscripcion_id, estado) VALUES (91, 'emitido');
INSERT INTO certificados (inscripcion_id, estado) VALUES (92, 'emitido');
INSERT INTO certificados (inscripcion_id, estado) VALUES (93, 'revocado');
INSERT INTO certificados (inscripcion_id, estado) VALUES (94, 'emitido');
INSERT INTO certificados (inscripcion_id, estado) VALUES (95, 'revocado');
INSERT INTO certificados (inscripcion_id, estado) VALUES (96, 'emitido');
INSERT INTO certificados (inscripcion_id, estado) VALUES (97, 'revocado');
INSERT INTO certificados (inscripcion_id, estado) VALUES (98, 'revocado');
INSERT INTO certificados (inscripcion_id, estado) VALUES (99, 'revocado');
INSERT INTO certificados (inscripcion_id, estado) VALUES (100, 'revocado');
